,rank,title,artist,date
0,1,БЕГИ (feat. Poët),DJ Smash,30/08/2020
1,2,неболей,Basta & Zivert,30/08/2020
2,3,Ты пари,JONY,30/08/2020
3,4,Юность,Dabro,30/08/2020
4,5,Сияй,Ramil',30/08/2020
5,6,Lollipop,Gafur & JONY,30/08/2020
6,7,Мир сошёл с ума,JONY,30/08/2020
7,8,Cadillac,MORGENSHTERN & Allj,30/08/2020
8,9,Поболело и прошло,HENSY,30/08/2020
9,10,Minor,Miyagi & Andy Panda,30/08/2020
10,11,X.O,The Limba & Andro,30/08/2020
11,12,Краш,Klava Koka & NILETTO,30/08/2020
12,13,WAP (feat. Megan Thee Stallion),Cardi B,30/08/2020
13,14,Fendi,Rakhim,30/08/2020
14,15,Твой поцелуй,Асия & NЮ,30/08/2020
15,16,А если это любовь?,HammAli & Navai,30/08/2020
16,17,Вали,Канги,30/08/2020
17,18,А уже фсё,Mitchel,30/08/2020
18,19,На своём вайбе (feat. Гуф),Jah Khalib,30/08/2020
19,20,Ты беспощадна,JONY,30/08/2020
20,21,Меня не будет (feat. SALUKI),ANIKV,30/08/2020
21,22,"Я, ТЫ и МОРЕ",GAYAZOV$ BROTHER$,30/08/2020
22,23,А за окном дожди,JONY,30/08/2020
23,24,Там ревели горы,Miyagi & Andy Panda,30/08/2020
24,25,Ураган (feat. V $ X V PRiNCE),Guf & Murovei,30/08/2020
25,26,Нежность,Mary Gu,30/08/2020
26,27,Fly 2 (feat. NILETTO),Zivert,30/08/2020
27,28,Blinding Lights,The Weeknd,30/08/2020
28,29,Lovefool,twocolors,30/08/2020
29,30,Не смогу,VERBEE & KARA KROSS,30/08/2020
30,31,Плачу на техно,Cream Soda & Khleb,30/08/2020
31,32,Было или нет?,ANIKV & SALUKI,30/08/2020
32,33,ICE (feat. MORGENSHTERN),MORGENSHTERN,30/08/2020
33,34,ВЕЧЕРиНОЧКА,MONATIK & Вера Брежнева,30/08/2020
34,35,Девочка танцуй,Artik & Asti,30/08/2020
35,36,Lonely,Max Barskih & Джаро,30/08/2020
36,37,В последний раз,Тима Белорусских,30/08/2020
37,38,Небесные розы,JONY,30/08/2020
38,39,Boom Boom,LOBODA & PHARAOH,30/08/2020
39,40,Комета,JONY,30/08/2020
40,41,Ice Cream,BLACKPINK & Selena Gomez,30/08/2020
41,42,Океан,Mari Kraymbreri,30/08/2020
42,43,Забываю обещания,Andro,30/08/2020
43,44,Ей нравится,Lesha Svik,30/08/2020
44,45,Utopia,Miyagi & Andy Panda,30/08/2020
45,46,Тепло,Max Korzh,30/08/2020
46,47,Покинула чат,Klava Koka,30/08/2020
47,48,Французский поцелуй,Misha Marvin & Hanna,30/08/2020
48,49,F..k that,Bastard!,30/08/2020
49,50,Ананасовый сироп,Natan & Ганвест,30/08/2020
50,51,Yamakasi,Miyagi & Andy Panda,30/08/2020
51,52,Любимка,NILETTO,30/08/2020
52,53,Положение,DIOR & Samo & ID,30/08/2020
53,54,Август,Intelligency,30/08/2020
54,55,Бумажный дом,Mot,30/08/2020
55,56,Прятки,HammAli & Navai,30/08/2020
56,57,Dynamite,BTS,30/08/2020
57,58,Двигаться,Raim,30/08/2020
58,59,ЯТЛ,Zivert,30/08/2020
59,60,BALENCIAGA,FILV,30/08/2020
60,61,Девочка с картинки,Egor Kreed,30/08/2020
61,62,Не пускайте танцевать (feat. Aslai),"Timran, Zell & Batrai",30/08/2020
62,63,Минимум,Ямаджи & Фейджи,30/08/2020
63,64,Kosandra,Miyagi & Andy Panda,30/08/2020
64,65,Грустный дэнс (feat. Артём Качер),Artik & Asti,30/08/2020
65,66,Положение,Scriptonite,30/08/2020
66,67,Moskva lyubit...,Scriptonite,30/08/2020
67,68,Midnight Sky,Miley Cyrus,30/08/2020
68,69,I Got Love (feat. Рем Дигга),Miyagi & Эндшпиль,30/08/2020
69,70,Beverly Hills,Zivert,30/08/2020
70,71,Atlant,Miyagi & Andy Panda,30/08/2020
71,72,Credo,Zivert,30/08/2020
72,73,Tantra,Miyagi & Andy Panda,30/08/2020
73,74,Life,Zivert,30/08/2020
74,75,Все мимо,Artik & Asti,30/08/2020
75,76,Увезите меня на Дип-хаус,GAYAZOV$ BROTHER$,30/08/2020
76,77,Таблетка,Джаро & Ханза & kavabanga Depo kolibri,30/08/2020
77,78,Kings & Queens,Ava Max,30/08/2020
78,79,911,Allj,30/08/2020
79,80,Камин (feat. JONY),EMIN,30/08/2020
80,81,Луна не знает пути,Тайпан & Agunda,30/08/2020
81,82,Brooklyn (feat. TumaniYO),Miyagi & Andy Panda,30/08/2020
82,83,Mira me bebè,Джаро & Ханза & Olga Buzova,30/08/2020
83,84,МАЛЬЧИК,ФОГЕЛЬ,30/08/2020
84,85,Mood (feat. iann dior),24kGoldn,30/08/2020
85,86,Пряталась в ванной,Mari Kraymbreri,30/08/2020
86,87,Дежавю,kizaru,30/08/2020
87,88,Забил,ATL,30/08/2020
88,89,Dance Monkey,Tones And I,30/08/2020
89,90,Мадам,JONY & Andro,30/08/2020
90,91,Зелёные волны,Zivert,30/08/2020
91,92,Времена,Max Korzh,30/08/2020
92,93,Сердце Лёд,Cream Soda,30/08/2020
93,94,Останься (feat. BMB SpaceKid),FEDUK,30/08/2020
94,95,Roses (Imanbek Remix),SAINt JHN,30/08/2020
95,96,По кайфу,Oleg Kenzov,30/08/2020
96,97,2 минуты,Markul,30/08/2020
97,98,#ПеретанцуйМеня,Arthur Pirozhkov,30/08/2020
98,99,Любовь,T-Fest,30/08/2020
99,100,How You Like That,BLACKPINK,30/08/2020
100,1,БЕГИ (feat. Poët),DJ Smash,31/08/2020
101,2,неболей,Basta & Zivert,31/08/2020
102,3,Ты пари,JONY,31/08/2020
103,4,Юность,Dabro,31/08/2020
104,5,Сияй,Ramil',31/08/2020
105,6,Lollipop,Gafur & JONY,31/08/2020
106,7,Мир сошёл с ума,JONY,31/08/2020
107,8,Cadillac,MORGENSHTERN & Allj,31/08/2020
108,9,Поболело и прошло,HENSY,31/08/2020
109,10,Minor,Miyagi & Andy Panda,31/08/2020
110,11,X.O,The Limba & Andro,31/08/2020
111,12,Краш,Klava Koka & NILETTO,31/08/2020
112,13,Твой поцелуй,Асия & NЮ,31/08/2020
113,14,WAP (feat. Megan Thee Stallion),Cardi B,31/08/2020
114,15,Fendi,Rakhim,31/08/2020
115,16,А если это любовь?,HammAli & Navai,31/08/2020
116,17,А уже фсё,Mitchel,31/08/2020
117,18,На своём вайбе (feat. Гуф),Jah Khalib,31/08/2020
118,19,Вали,Канги,31/08/2020
119,20,А за окном дожди,JONY,31/08/2020
120,21,Ты беспощадна,JONY,31/08/2020
121,22,"Я, ТЫ и МОРЕ",GAYAZOV$ BROTHER$,31/08/2020
122,23,Меня не будет (feat. SALUKI),ANIKV,31/08/2020
123,24,Там ревели горы,Miyagi & Andy Panda,31/08/2020
124,25,Нежность,Mary Gu,31/08/2020
125,26,Ураган (feat. V $ X V PRiNCE),Guf & Murovei,31/08/2020
126,27,Blinding Lights,The Weeknd,31/08/2020
127,28,Fly 2 (feat. NILETTO),Zivert,31/08/2020
128,29,Не смогу,VERBEE & KARA KROSS,31/08/2020
129,30,Lovefool,twocolors,31/08/2020
130,31,Ice Cream,BLACKPINK & Selena Gomez,31/08/2020
131,32,Было или нет?,ANIKV & SALUKI,31/08/2020
132,33,Плачу на техно,Cream Soda & Khleb,31/08/2020
133,34,ICE (feat. MORGENSHTERN),MORGENSHTERN,31/08/2020
134,35,В последний раз,Тима Белорусских,31/08/2020
135,36,Lonely,Max Barskih & Джаро,31/08/2020
136,37,ВЕЧЕРиНОЧКА,MONATIK & Вера Брежнева,31/08/2020
137,38,Океан,Mari Kraymbreri,31/08/2020
138,39,Девочка танцуй,Artik & Asti,31/08/2020
139,40,Небесные розы,JONY,31/08/2020
140,41,Boom Boom,LOBODA & PHARAOH,31/08/2020
141,42,Ей нравится,Lesha Svik,31/08/2020
142,43,Забываю обещания,Andro,31/08/2020
143,44,Комета,JONY,31/08/2020
144,45,Utopia,Miyagi & Andy Panda,31/08/2020
145,46,Французский поцелуй,Misha Marvin & Hanna,31/08/2020
146,47,Тепло,Max Korzh,31/08/2020
147,48,Покинула чат,Klava Koka,31/08/2020
148,49,F..k that,Bastard!,31/08/2020
149,50,Бумажный дом,Mot,31/08/2020
150,51,Ананасовый сироп,Natan & Ганвест,31/08/2020
151,52,Yamakasi,Miyagi & Andy Panda,31/08/2020
152,53,Положение,DIOR & Samo & ID,31/08/2020
153,54,Любимка,NILETTO,31/08/2020
154,55,Август,Intelligency,31/08/2020
155,56,Не пускайте танцевать (feat. Aslai),"Timran, Zell & Batrai",31/08/2020
156,57,Dynamite,BTS,31/08/2020
157,58,Двигаться,Raim,31/08/2020
158,59,Прятки,HammAli & Navai,31/08/2020
159,60,Минимум,Ямаджи & Фейджи,31/08/2020
160,61,ЯТЛ,Zivert,31/08/2020
161,62,BALENCIAGA,FILV,31/08/2020
162,63,Девочка с картинки,Egor Kreed,31/08/2020
163,64,Kosandra,Miyagi & Andy Panda,31/08/2020
164,65,Грустный дэнс (feat. Артём Качер),Artik & Asti,31/08/2020
165,66,Beverly Hills,Zivert,31/08/2020
166,67,Положение,Scriptonite,31/08/2020
167,68,Atlant,Miyagi & Andy Panda,31/08/2020
168,69,Midnight Sky,Miley Cyrus,31/08/2020
169,70,Tantra,Miyagi & Andy Panda,31/08/2020
170,71,Moskva lyubit...,Scriptonite,31/08/2020
171,72,Credo,Zivert,31/08/2020
172,73,I Got Love (feat. Рем Дигга),Miyagi & Эндшпиль,31/08/2020
173,74,Все мимо,Artik & Asti,31/08/2020
174,75,Life,Zivert,31/08/2020
175,76,Kings & Queens,Ava Max,31/08/2020
176,77,Таблетка,Джаро & Ханза & kavabanga Depo kolibri,31/08/2020
177,78,Увезите меня на Дип-хаус,GAYAZOV$ BROTHER$,31/08/2020
178,79,Mood (feat. iann dior),24kGoldn,31/08/2020
179,80,911,Allj,31/08/2020
180,81,Mira me bebè,Джаро & Ханза & Olga Buzova,31/08/2020
181,82,Камин (feat. JONY),EMIN,31/08/2020
182,83,Пряталась в ванной,Mari Kraymbreri,31/08/2020
183,84,Brooklyn (feat. TumaniYO),Miyagi & Andy Panda,31/08/2020
184,85,МАЛЬЧИК,ФОГЕЛЬ,31/08/2020
185,86,Луна не знает пути,Тайпан & Agunda,31/08/2020
186,87,Забил,ATL,31/08/2020
187,88,Дежавю,kizaru,31/08/2020
188,89,Dance Monkey,Tones And I,31/08/2020
189,90,Мадам,JONY & Andro,31/08/2020
190,91,Зелёные волны,Zivert,31/08/2020
191,92,Времена,Max Korzh,31/08/2020
192,93,Сердце Лёд,Cream Soda,31/08/2020
193,94,Watermelon Sugar,Harry Styles,31/08/2020
194,95,Останься (feat. BMB SpaceKid),FEDUK,31/08/2020
195,96,Roses (Imanbek Remix),SAINt JHN,31/08/2020
196,97,Мало нам,Miyagi & Andy Panda,31/08/2020
197,98,Любовь,T-Fest,31/08/2020
198,99,#ПеретанцуйМеня,Arthur Pirozhkov,31/08/2020
199,100,На тебя смотрю,VesKaspiyskiy & Jah Khalib,31/08/2020
200,1,БЕГИ (feat. Poët),DJ Smash,01/09/2020
201,2,неболей,Basta & Zivert,01/09/2020
202,3,Ты пари,JONY,01/09/2020
203,4,Сияй,Ramil',01/09/2020
204,5,Юность,Dabro,01/09/2020
205,6,Lollipop,Gafur & JONY,01/09/2020
206,7,Мир сошёл с ума,JONY,01/09/2020
207,8,Поболело и прошло,HENSY,01/09/2020
208,9,Minor,Miyagi & Andy Panda,01/09/2020
209,10,Cadillac,MORGENSHTERN & Allj,01/09/2020
210,11,X.O,The Limba & Andro,01/09/2020
211,12,WAP (feat. Megan Thee Stallion),Cardi B,01/09/2020
212,13,Твой поцелуй,Асия & NЮ,01/09/2020
213,14,Краш,Klava Koka & NILETTO,01/09/2020
214,15,Fendi,Rakhim,01/09/2020
215,16,Вали,Канги,01/09/2020
216,17,А если это любовь?,HammAli & Navai,01/09/2020
217,18,А уже фсё,Mitchel,01/09/2020
218,19,На своём вайбе (feat. Гуф),Jah Khalib,01/09/2020
219,20,Меня не будет (feat. SALUKI),ANIKV,01/09/2020
220,21,Ты беспощадна,JONY,01/09/2020
221,22,"Я, ТЫ и МОРЕ",GAYAZOV$ BROTHER$,01/09/2020
222,23,А за окном дожди,JONY,01/09/2020
223,24,Там ревели горы,Miyagi & Andy Panda,01/09/2020
224,25,Ураган (feat. V $ X V PRiNCE),Guf & Murovei,01/09/2020
225,26,Нежность,Mary Gu,01/09/2020
226,27,Не смогу,VERBEE & KARA KROSS,01/09/2020
227,28,Blinding Lights,The Weeknd,01/09/2020
228,29,Lovefool,twocolors,01/09/2020
229,30,Fly 2 (feat. NILETTO),Zivert,01/09/2020
230,31,ICE (feat. MORGENSHTERN),MORGENSHTERN,01/09/2020
231,32,Было или нет?,ANIKV & SALUKI,01/09/2020
232,33,Плачу на техно,Cream Soda & Khleb,01/09/2020
233,34,В последний раз,Тима Белорусских,01/09/2020
234,35,Девочка танцуй,Artik & Asti,01/09/2020
235,36,Минимум,Ямаджи & Фейджи,01/09/2020
236,37,ВЕЧЕРиНОЧКА,MONATIK & Вера Брежнева,01/09/2020
237,38,Океан,Mari Kraymbreri,01/09/2020
238,39,Utopia,Miyagi & Andy Panda,01/09/2020
239,40,Ice Cream,BLACKPINK & Selena Gomez,01/09/2020
240,41,Комета,JONY,01/09/2020
241,42,Небесные розы,JONY,01/09/2020
242,43,Boom Boom,LOBODA & PHARAOH,01/09/2020
243,44,Французский поцелуй,Misha Marvin & Hanna,01/09/2020
244,45,Не пускайте танцевать (feat. Aslai),"Timran, Zell & Batrai",01/09/2020
245,46,Забываю обещания,Andro,01/09/2020
246,47,Тепло,Max Korzh,01/09/2020
247,48,Yamakasi,Miyagi & Andy Panda,01/09/2020
248,49,Lonely,Max Barskih & Джаро,01/09/2020
249,50,Положение,DIOR & Samo & ID,01/09/2020
250,51,Ей нравится,Lesha Svik,01/09/2020
251,52,Ананасовый сироп,Natan & Ганвест,01/09/2020
252,53,F..k that,Bastard!,01/09/2020
253,54,Покинула чат,Klava Koka,01/09/2020
254,55,Девочка с картинки,Egor Kreed,01/09/2020
255,56,Бумажный дом,Mot,01/09/2020
256,57,Август,Intelligency,01/09/2020
257,58,Прятки,HammAli & Navai,01/09/2020
258,59,Любимка,NILETTO,01/09/2020
259,60,Moskva lyubit...,Scriptonite,01/09/2020
260,61,Kosandra,Miyagi & Andy Panda,01/09/2020
261,62,Положение,Scriptonite,01/09/2020
262,63,BALENCIAGA,FILV,01/09/2020
263,64,Двигаться,Raim,01/09/2020
264,65,Atlant,Miyagi & Andy Panda,01/09/2020
265,66,ЯТЛ,Zivert,01/09/2020
266,67,Tantra,Miyagi & Andy Panda,01/09/2020
267,68,I Got Love (feat. Рем Дигга),Miyagi & Эндшпиль,01/09/2020
268,69,Грустный дэнс (feat. Артём Качер),Artik & Asti,01/09/2020
269,70,Midnight Sky,Miley Cyrus,01/09/2020
270,71,Beverly Hills,Zivert,01/09/2020
271,72,Таблетка,Джаро & Ханза & kavabanga Depo kolibri,01/09/2020
272,73,911,Allj,01/09/2020
273,74,Все мимо,Artik & Asti,01/09/2020
274,75,Credo,Zivert,01/09/2020
275,76,Brooklyn (feat. TumaniYO),Miyagi & Andy Panda,01/09/2020
276,77,Камин (feat. JONY),EMIN,01/09/2020
277,78,Увезите меня на Дип-хаус,GAYAZOV$ BROTHER$,01/09/2020
278,79,На тебя смотрю,VesKaspiyskiy & Jah Khalib,01/09/2020
279,80,Life,Zivert,01/09/2020
280,81,Дежавю,kizaru,01/09/2020
281,82,Забил,ATL,01/09/2020
282,83,Kings & Queens,Ava Max,01/09/2020
283,84,Пряталась в ванной,Mari Kraymbreri,01/09/2020
284,85,Mood (feat. iann dior),24kGoldn,01/09/2020
285,86,МАЛЬЧИК,ФОГЕЛЬ,01/09/2020
286,87,Луна не знает пути,Тайпан & Agunda,01/09/2020
287,88,Mira me bebè,Джаро & Ханза & Olga Buzova,01/09/2020
288,89,Мало нам,Miyagi & Andy Panda,01/09/2020
289,90,Dance Monkey,Tones And I,01/09/2020
290,91,Времена,Max Korzh,01/09/2020
291,92,Мадам,JONY & Andro,01/09/2020
292,93,Roses (Imanbek Remix),SAINt JHN,01/09/2020
293,94,Зелёные волны,Zivert,01/09/2020
294,95,Сердце Лёд,Cream Soda,01/09/2020
295,96,Останься (feat. BMB SpaceKid),FEDUK,01/09/2020
296,97,По щекам слёзы,КУЧЕР & JANAGA,01/09/2020
297,98,Втюрилась,dora,01/09/2020
298,99,How You Like That,BLACKPINK,01/09/2020
299,100,Любовь,T-Fest,01/09/2020
300,1,БЕГИ (feat. Poët),DJ Smash,03/09/2020
301,2,3-е сентября,Mikhail Shufutinskiy,03/09/2020
302,3,неболей,Basta & Zivert,03/09/2020
303,4,Ты пари,JONY,03/09/2020
304,5,Сияй,Ramil',03/09/2020
305,6,Юность,Dabro,03/09/2020
306,7,Lollipop,Gafur & JONY,03/09/2020
307,8,Твой поцелуй,Асия & NЮ,03/09/2020
308,9,Мир сошёл с ума,JONY,03/09/2020
309,10,WAP (feat. Megan Thee Stallion),Cardi B,03/09/2020
310,11,Minor,Miyagi & Andy Panda,03/09/2020
311,12,Cadillac,MORGENSHTERN & Allj,03/09/2020
312,13,Поболело и прошло,HENSY,03/09/2020
313,14,X.O,The Limba & Andro,03/09/2020
314,15,Краш,Klava Koka & NILETTO,03/09/2020
315,16,А если это любовь?,HammAli & Navai,03/09/2020
316,17,Fendi,Rakhim,03/09/2020
317,18,Вали,Канги,03/09/2020
318,19,На своём вайбе (feat. Гуф),Jah Khalib,03/09/2020
319,20,А за окном дожди,JONY,03/09/2020
320,21,А уже фсё,Mitchel,03/09/2020
321,22,Меня не будет (feat. SALUKI),ANIKV,03/09/2020
322,23,Ты беспощадна,JONY,03/09/2020
323,24,"Я, ТЫ и МОРЕ",GAYAZOV$ BROTHER$,03/09/2020
324,25,Там ревели горы,Miyagi & Andy Panda,03/09/2020
325,26,Ураган (feat. V $ X V PRiNCE),Guf & Murovei,03/09/2020
326,27,Нежность,Mary Gu,03/09/2020
327,28,Blinding Lights,The Weeknd,03/09/2020
328,29,Не смогу,VERBEE & KARA KROSS,03/09/2020
329,30,Fly 2 (feat. NILETTO),Zivert,03/09/2020
330,31,Lovefool,twocolors,03/09/2020
331,32,Океан,Mari Kraymbreri,03/09/2020
332,33,Плачу на техно,Cream Soda & Khleb,03/09/2020
333,34,ICE (feat. MORGENSHTERN),MORGENSHTERN,03/09/2020
334,35,В последний раз,Тима Белорусских,03/09/2020
335,36,Было или нет?,ANIKV & SALUKI,03/09/2020
336,37,Минимум,Ямаджи & Фейджи,03/09/2020
337,38,Девочка танцуй,Artik & Asti,03/09/2020
338,39,Комета,JONY,03/09/2020
339,40,ВЕЧЕРиНОЧКА,MONATIK & Вера Брежнева,03/09/2020
340,41,Французский поцелуй,Misha Marvin & Hanna,03/09/2020
341,42,Utopia,Miyagi & Andy Panda,03/09/2020
342,43,Ей нравится,Lesha Svik,03/09/2020
343,44,Не пускайте танцевать (feat. Aslai),"Timran, Zell & Batrai",03/09/2020
344,45,Boom Boom,LOBODA & PHARAOH,03/09/2020
345,46,Lonely,Max Barskih & Джаро,03/09/2020
346,47,Ice Cream,BLACKPINK & Selena Gomez,03/09/2020
347,48,Забываю обещания,Andro,03/09/2020
348,49,F..k That,Bastard!,03/09/2020
349,50,Небесные розы,JONY,03/09/2020
350,51,Yamakasi,Miyagi & Andy Panda,03/09/2020
351,52,Тепло,Max Korzh,03/09/2020
352,53,Покинула чат,Klava Koka,03/09/2020
353,54,Бумажный дом,Mot,03/09/2020
354,55,Ананасовый сироп,Natan & Ганвест,03/09/2020
355,56,Прятки,HammAli & Navai,03/09/2020
356,57,Положение,DIOR & Samo & ID,03/09/2020
357,58,Если тебе будет грустно,Rauf & Faik & NILETTO,03/09/2020
358,59,Положение,Scriptonite,03/09/2020
359,60,Август,Intelligency,03/09/2020
360,61,Девочка с картинки,Egor Kreed,03/09/2020
361,62,Moskva lyubit...,Scriptonite,03/09/2020
362,63,Любимка,NILETTO,03/09/2020
363,64,Kosandra,Miyagi & Andy Panda,03/09/2020
364,65,Двигаться,Raim,03/09/2020
365,66,На тебя смотрю,VesKaspiyskiy & Jah Khalib,03/09/2020
366,67,ЯТЛ,Zivert,03/09/2020
367,68,BALENCIAGA,FILV,03/09/2020
368,69,Грустный дэнс (feat. Артём Качер),Artik & Asti,03/09/2020
369,70,Atlant,Miyagi & Andy Panda,03/09/2020
370,71,I Got Love (feat. Рем Дигга),Miyagi & Эндшпиль,03/09/2020
371,72,Tantra,Miyagi & Andy Panda,03/09/2020
372,73,Втюрилась,dora,03/09/2020
373,74,Все мимо,Artik & Asti,03/09/2020
374,75,Beverly Hills,Zivert,03/09/2020
375,76,Credo,Zivert,03/09/2020
376,77,Midnight Sky,Miley Cyrus,03/09/2020
377,78,Life,Zivert,03/09/2020
378,79,Дежавю,kizaru,03/09/2020
379,80,Камин (feat. JONY),EMIN,03/09/2020
380,81,Brooklyn (feat. TumaniYO),Miyagi & Andy Panda,03/09/2020
381,82,Таблетка,Джаро & Ханза & kavabanga Depo kolibri,03/09/2020
382,83,Coco L'Eau,Egor Kreed & The Limba,03/09/2020
383,84,911,Allj,03/09/2020
384,85,Увезите меня на Дип-хаус,GAYAZOV$ BROTHER$,03/09/2020
385,86,Пряталась в ванной,Mari Kraymbreri,03/09/2020
386,87,Kings & Queens,Ava Max,03/09/2020
387,88,МАЛЬЧИК,ФОГЕЛЬ,03/09/2020
388,89,Забил,ATL,03/09/2020
389,90,Луна не знает пути,Тайпан & Agunda,03/09/2020
390,91,По щекам слёзы,КУЧЕР & JANAGA,03/09/2020
391,92,Mira me bebè,Джаро & Ханза & Olga Buzova,03/09/2020
392,93,Lollipop,Allj & MORGENSHTERN,03/09/2020
393,94,Mood (feat. iann dior),24kGoldn,03/09/2020
394,95,Мало нам,Miyagi & Andy Panda,03/09/2020
395,96,Мадам,JONY & Andro,03/09/2020
396,97,Спой (feat. Мот),Misha Marvin,03/09/2020
397,98,Dance Monkey,Tones And I,03/09/2020
398,99,Зелёные волны,Zivert,03/09/2020
399,100,Roses (Imanbek Remix),SAINt JHN,03/09/2020
400,1,БЕГИ (feat. Poët),DJ Smash,04/09/2020
401,2,Coco L'Eau,Egor Kreed & The Limba,04/09/2020
402,3,неболей,Basta & Zivert,04/09/2020
403,4,Lollipop,Allj & MORGENSHTERN,04/09/2020
404,5,Сияй,Ramil',04/09/2020
405,6,Ты пари,JONY,04/09/2020
406,7,Юность,Dabro,04/09/2020
407,8,Lollipop,Gafur & JONY,04/09/2020
408,9,Мир сошёл с ума,JONY,04/09/2020
409,10,ERRDAY,Big Baby Tape,04/09/2020
410,11,Cadillac,MORGENSHTERN & Allj,04/09/2020
411,12,Minor,Miyagi & Andy Panda,04/09/2020
412,13,WAP (feat. Megan Thee Stallion),Cardi B,04/09/2020
413,14,Твой поцелуй,Асия & NЮ,04/09/2020
414,15,X.O,The Limba & Andro,04/09/2020
415,16,Поболело и прошло,HENSY,04/09/2020
416,17,Краш,Klava Koka & NILETTO,04/09/2020
417,18,А если это любовь?,HammAli & Navai,04/09/2020
418,19,Fendi,Rakhim,04/09/2020
419,20,Лето на ветер,Guf & Kravz,04/09/2020
420,21,3-е сентября,Mikhail Shufutinskiy,04/09/2020
421,22,Вали,Канги,04/09/2020
422,23,На своём вайбе (feat. Гуф),Jah Khalib,04/09/2020
423,24,Если тебе будет грустно,Rauf & Faik & NILETTO,04/09/2020
424,25,А уже фсё,Mitchel,04/09/2020
425,26,"Я, ТЫ и МОРЕ",GAYAZOV$ BROTHER$,04/09/2020
426,27,Ты беспощадна,JONY,04/09/2020
427,28,А за окном дожди,JONY,04/09/2020
428,29,Меня не будет (feat. SALUKI),ANIKV,04/09/2020
429,30,Ураган (feat. V $ X V PRiNCE),Guf & Murovei,04/09/2020
430,31,Там ревели горы,Miyagi & Andy Panda,04/09/2020
431,32,Blinding Lights,The Weeknd,04/09/2020
432,33,Нежность,Mary Gu,04/09/2020
433,34,Fly 2 (feat. NILETTO),Zivert,04/09/2020
434,35,Не смогу,VERBEE & KARA KROSS,04/09/2020
435,36,Плачу на техно,Cream Soda & Khleb,04/09/2020
436,37,Lovefool,twocolors,04/09/2020
437,38,Девочка танцуй,Artik & Asti,04/09/2020
438,39,Океан,Mari Kraymbreri,04/09/2020
439,40,Минимум,Ямаджи & Фейджи,04/09/2020
440,41,ВЕЧЕРиНОЧКА,MONATIK & Вера Брежнева,04/09/2020
441,42,ICE (feat. MORGENSHTERN),MORGENSHTERN,04/09/2020
442,43,Комета,JONY,04/09/2020
443,44,В последний раз,Тима Белорусских,04/09/2020
444,45,Французский поцелуй,Misha Marvin & Hanna,04/09/2020
445,46,Utopia,Miyagi & Andy Panda,04/09/2020
446,47,Boom Boom,LOBODA & PHARAOH,04/09/2020
447,48,Не пускайте танцевать (feat. Aslai),"Timran, Zell & Batrai",04/09/2020
448,49,Ей нравится,Lesha Svik,04/09/2020
449,50,F..k That,Bastard!,04/09/2020
450,51,Было или нет?,ANIKV & SALUKI,04/09/2020
451,52,Дерзко (feat. Kali),Truwer,04/09/2020
452,53,Yamakasi,Miyagi & Andy Panda,04/09/2020
453,54,Ананасовый сироп,Natan & Ганвест,04/09/2020
454,55,Покинула чат,Klava Koka,04/09/2020
455,56,Тепло,Max Korzh,04/09/2020
456,57,Прятки,HammAli & Navai,04/09/2020
457,58,Забываю обещания,Andro,04/09/2020
458,59,Небесные розы,JONY,04/09/2020
459,60,Бумажный дом,Mot,04/09/2020
460,61,Фаталити (feat. KAREENA),Elena Temnikova,04/09/2020
461,62,Любимка,NILETTO,04/09/2020
462,63,Август,Intelligency,04/09/2020
463,64,Положение,DIOR & Samo & ID,04/09/2020
464,65,ЯТЛ,Zivert,04/09/2020
465,66,Все мимо,Artik & Asti,04/09/2020
466,67,Девочка с картинки,Egor Kreed,04/09/2020
467,68,Положение,Scriptonite,04/09/2020
468,69,Грустный дэнс (feat. Артём Качер),Artik & Asti,04/09/2020
469,70,Двигаться,Raim,04/09/2020
470,71,Moskva lyubit...,Scriptonite,04/09/2020
471,72,Atlant,Miyagi & Andy Panda,04/09/2020
472,73,Kosandra,Miyagi & Andy Panda,04/09/2020
473,74,"ТЫ КРУЧЕ, ЧЕМ...",GAYAZOV$ BROTHER$,04/09/2020
474,75,Lonely,Max Barskih & Джаро,04/09/2020
475,76,BALENCIAGA,FILV,04/09/2020
476,77,Beverly Hills,Zivert,04/09/2020
477,78,I Got Love (feat. Рем Дигга),Miyagi & Эндшпиль,04/09/2020
478,79,Втюрилась,dora,04/09/2020
479,80,Ice Cream,BLACKPINK & Selena Gomez,04/09/2020
480,81,Credo,Zivert,04/09/2020
481,82,Life,Zivert,04/09/2020
482,83,Brooklyn (feat. TumaniYO),Miyagi & Andy Panda,04/09/2020
483,84,Увезите меня на Дип-хаус,GAYAZOV$ BROTHER$,04/09/2020
484,85,Таблетка,Джаро & Ханза & kavabanga Depo kolibri,04/09/2020
485,86,Tantra,Miyagi & Andy Panda,04/09/2020
486,87,Камин (feat. JONY),EMIN,04/09/2020
487,88,Забил,ATL,04/09/2020
488,89,Дежавю,kizaru,04/09/2020
489,90,911,Allj,04/09/2020
490,91,Луна не знает пути,Тайпан & Agunda,04/09/2020
491,92,На тебя смотрю,VesKaspiyskiy & Jah Khalib,04/09/2020
492,93,Аферист,Haski,04/09/2020
493,94,Kings & Queens,Ava Max,04/09/2020
494,95,Roses (Imanbek Remix),SAINt JHN,04/09/2020
495,96,МАЛЬЧИК,ФОГЕЛЬ,04/09/2020
496,97,Midnight Sky,Miley Cyrus,04/09/2020
497,98,Зелёные волны,Zivert,04/09/2020
498,99,Пряталась в ванной,Mari Kraymbreri,04/09/2020
499,100,Dance Monkey,Tones And I,04/09/2020
500,1,Coco L'Eau,Egor Kreed & The Limba,05/09/2020
501,2,Lollipop,Allj & MORGENSHTERN,05/09/2020
502,3,БЕГИ (feat. Poët),DJ Smash,05/09/2020
503,4,неболей,Basta & Zivert,05/09/2020
504,5,Сияй,Ramil',05/09/2020
505,6,Юность,Dabro,05/09/2020
506,7,Ты пари,JONY,05/09/2020
507,8,Lollipop,Gafur & JONY,05/09/2020
508,9,ERRDAY,Big Baby Tape,05/09/2020
509,10,Cadillac,MORGENSHTERN & Allj,05/09/2020
510,11,Мир сошёл с ума,JONY,05/09/2020
511,12,X.O,The Limba & Andro,05/09/2020
512,13,WAP (feat. Megan Thee Stallion),Cardi B,05/09/2020
513,14,Minor,Miyagi & Andy Panda,05/09/2020
514,15,Краш,Klava Koka & NILETTO,05/09/2020
515,16,Поболело и прошло,HENSY,05/09/2020
516,17,Твой поцелуй,Асия & NЮ,05/09/2020
517,18,Лето на ветер,Guf & Kravz,05/09/2020
518,19,Если тебе будет грустно,Rauf & Faik & NILETTO,05/09/2020
519,20,А если это любовь?,HammAli & Navai,05/09/2020
520,21,Fendi,Rakhim,05/09/2020
521,22,Вали,Канги,05/09/2020
522,23,На своём вайбе (feat. Гуф),Jah Khalib,05/09/2020
523,24,А уже фсё,Mitchel,05/09/2020
524,25,"Я, ТЫ и МОРЕ",GAYAZOV$ BROTHER$,05/09/2020
525,26,Меня не будет (feat. SALUKI),ANIKV,05/09/2020
526,27,Ты беспощадна,JONY,05/09/2020
527,28,Ураган (feat. V $ X V PRiNCE),Guf & Murovei,05/09/2020
528,29,А за окном дожди,JONY,05/09/2020
529,30,Там ревели горы,Miyagi & Andy Panda,05/09/2020
530,31,Fly 2 (feat. NILETTO),Zivert,05/09/2020
531,32,Blinding Lights,The Weeknd,05/09/2020
532,33,Нежность,Mary Gu,05/09/2020
533,34,Плачу на техно,Cream Soda & Khleb,05/09/2020
534,35,Не смогу,VERBEE & KARA KROSS,05/09/2020
535,36,Lovefool,twocolors,05/09/2020
536,37,ВЕЧЕРиНОЧКА,MONATIK & Вера Брежнева,05/09/2020
537,38,Девочка танцуй,Artik & Asti,05/09/2020
538,39,3-е сентября,Mikhail Shufutinskiy,05/09/2020
539,40,F..k That,Bastard!,05/09/2020
540,41,Минимум,Ямаджи & Фейджи,05/09/2020
541,42,Комета,JONY,05/09/2020
542,43,ICE (feat. MORGENSHTERN),MORGENSHTERN,05/09/2020
543,44,Океан,Mari Kraymbreri,05/09/2020
544,45,Boom Boom,LOBODA & PHARAOH,05/09/2020
545,46,Французский поцелуй,Misha Marvin & Hanna,05/09/2020
546,47,В последний раз,Тима Белорусских,05/09/2020
547,48,Ей нравится,Lesha Svik,05/09/2020
548,49,Покинула чат,Klava Koka,05/09/2020
549,50,Не пускайте танцевать (feat. Aslai),"Timran, Zell & Batrai",05/09/2020
550,51,Ананасовый сироп,Natan & Ганвест,05/09/2020
551,52,Utopia,Miyagi & Andy Panda,05/09/2020
552,53,Любимка,NILETTO,05/09/2020
553,54,Было или нет?,ANIKV & SALUKI,05/09/2020
554,55,Дерзко (feat. Kali),Truwer,05/09/2020
555,56,Прятки,HammAli & Navai,05/09/2020
556,57,Фаталити (feat. KAREENA),Elena Temnikova,05/09/2020
557,58,Все мимо,Artik & Asti,05/09/2020
558,59,Бумажный дом,Mot,05/09/2020
559,60,Девочка с картинки,Egor Kreed,05/09/2020
560,61,Yamakasi,Miyagi & Andy Panda,05/09/2020
561,62,Забываю обещания,Andro,05/09/2020
562,63,Тепло,Max Korzh,05/09/2020
563,64,ЯТЛ,Zivert,05/09/2020
564,65,Август,Intelligency,05/09/2020
565,66,Грустный дэнс (feat. Артём Качер),Artik & Asti,05/09/2020
566,67,Небесные розы,JONY,05/09/2020
567,68,Двигаться,Raim,05/09/2020
568,69,Втюрилась,dora,05/09/2020
569,70,Beverly Hills,Zivert,05/09/2020
570,71,Lonely,Max Barskih & Джаро,05/09/2020
571,72,BALENCIAGA,FILV,05/09/2020
572,73,Положение,Scriptonite,05/09/2020
573,74,Credo,Zivert,05/09/2020
574,75,Положение,DIOR & Samo & ID,05/09/2020
575,76,Moskva lyubit...,Scriptonite,05/09/2020
576,77,Kosandra,Miyagi & Andy Panda,05/09/2020
577,78,Life,Zivert,05/09/2020
578,79,POPSTAR (feat. Drake),DJ Khaled,05/09/2020
579,80,I Got Love (feat. Рем Дигга),Miyagi & Эндшпиль,05/09/2020
580,81,Mood (feat. iann dior),24kGoldn,05/09/2020
581,82,"ТЫ КРУЧЕ, ЧЕМ...",GAYAZOV$ BROTHER$,05/09/2020
582,83,Dynamite,BTS,05/09/2020
583,84,Увезите меня на Дип-хаус,GAYAZOV$ BROTHER$,05/09/2020
584,85,A Million on My Soul (Remix) feat. Alexiane,Moses & EMR3YGUL,05/09/2020
585,86,Таблетка,Джаро & Ханза & kavabanga Depo kolibri,05/09/2020
586,87,Atlant,Miyagi & Andy Panda,05/09/2020
587,88,Midnight Sky,Miley Cyrus,05/09/2020
588,89,Луна не знает пути,Тайпан & Agunda,05/09/2020
589,90,Brooklyn (feat. TumaniYO),Miyagi & Andy Panda,05/09/2020
590,91,Камин (feat. JONY),EMIN,05/09/2020
591,92,Зелёные волны,Zivert,05/09/2020
592,93,Дежавю,kizaru,05/09/2020
593,94,Kings & Queens,Ava Max,05/09/2020
594,95,Dance Monkey,Tones And I,05/09/2020
595,96,МАЛЬЧИК,ФОГЕЛЬ,05/09/2020
596,97,Tantra,Miyagi & Andy Panda,05/09/2020
597,98,Ice Cream,BLACKPINK & Selena Gomez,05/09/2020
598,99,911,Allj,05/09/2020
599,100,Забил,ATL,05/09/2020
600,1,Coco L'Eau,Egor Kreed & The Limba,06/09/2020
601,2,Lollipop,Allj & MORGENSHTERN,06/09/2020
602,3,БЕГИ (feat. Poët),DJ Smash,06/09/2020
603,4,неболей,Basta & Zivert,06/09/2020
604,5,Сияй,Ramil',06/09/2020
605,6,Ты пари,JONY,06/09/2020
606,7,Юность,Dabro,06/09/2020
607,8,Lollipop,Gafur & JONY,06/09/2020
608,9,ERRDAY,Big Baby Tape,06/09/2020
609,10,Мир сошёл с ума,JONY,06/09/2020
610,11,Cadillac,MORGENSHTERN & Allj,06/09/2020
611,12,WAP (feat. Megan Thee Stallion),Cardi B,06/09/2020
612,13,X.O,The Limba & Andro,06/09/2020
613,14,Minor,Miyagi & Andy Panda,06/09/2020
614,15,Поболело и прошло,HENSY,06/09/2020
615,16,Если тебе будет грустно,Rauf & Faik & NILETTO,06/09/2020
616,17,Краш,Klava Koka & NILETTO,06/09/2020
617,18,Твой поцелуй,Асия & NЮ,06/09/2020
618,19,Лето на ветер,Guf & Kravz,06/09/2020
619,20,А если это любовь?,HammAli & Navai,06/09/2020
620,21,Fendi,Rakhim,06/09/2020
621,22,Вали,Канги,06/09/2020
622,23,На своём вайбе (feat. Гуф),Jah Khalib,06/09/2020
623,24,А уже фсё,Mitchel,06/09/2020
624,25,Меня не будет (feat. SALUKI),ANIKV,06/09/2020
625,26,"Я, ТЫ и МОРЕ",GAYAZOV$ BROTHER$,06/09/2020
626,27,Ты беспощадна,JONY,06/09/2020
627,28,Ураган (feat. V $ X V PRiNCE),Guf & Murovei,06/09/2020
628,29,Там ревели горы,Miyagi & Andy Panda,06/09/2020
629,30,А за окном дожди,JONY,06/09/2020
630,31,Fly 2 (feat. NILETTO),Zivert,06/09/2020
631,32,Нежность,Mary Gu,06/09/2020
632,33,Не смогу,VERBEE & KARA KROSS,06/09/2020
633,34,Blinding Lights,The Weeknd,06/09/2020
634,35,Lovefool,twocolors,06/09/2020
635,36,Плачу на техно,Cream Soda & Khleb,06/09/2020
636,37,Минимум,Ямаджи & Фейджи,06/09/2020
637,38,F..k That,Bastard!,06/09/2020
638,39,ВЕЧЕРиНОЧКА,MONATIK & Вера Брежнева,06/09/2020
639,40,Девочка танцуй,Artik & Asti,06/09/2020
640,41,Комета,JONY,06/09/2020
641,42,Океан,Mari Kraymbreri,06/09/2020
642,43,В последний раз,Тима Белорусских,06/09/2020
643,44,Французский поцелуй,Misha Marvin & Hanna,06/09/2020
644,45,ICE (feat. MORGENSHTERN),MORGENSHTERN,06/09/2020
645,46,Ей нравится,Lesha Svik,06/09/2020
646,47,Boom Boom,LOBODA & PHARAOH,06/09/2020
647,48,Utopia,Miyagi & Andy Panda,06/09/2020
648,49,Покинула чат,Klava Koka,06/09/2020
649,50,Не пускайте танцевать (feat. Aslai),"Timran, Zell & Batrai",06/09/2020
650,51,Ананасовый сироп,Natan & Ганвест,06/09/2020
651,52,Фаталити (feat. KAREENA),Elena Temnikova,06/09/2020
652,53,Дерзко (feat. Kali),Truwer,06/09/2020
653,54,Было или нет?,ANIKV & SALUKI,06/09/2020
654,55,POPSTAR (feat. Drake),DJ Khaled,06/09/2020
655,56,Mood (feat. iann dior),24kGoldn,06/09/2020
656,57,Девочка с картинки,Egor Kreed,06/09/2020
657,58,Все мимо,Artik & Asti,06/09/2020
658,59,Забываю обещания,Andro,06/09/2020
659,60,Прятки,HammAli & Navai,06/09/2020
660,61,Втюрилась,dora,06/09/2020
661,62,Yamakasi,Miyagi & Andy Panda,06/09/2020
662,63,Любимка,NILETTO,06/09/2020
663,64,"ТЫ КРУЧЕ, ЧЕМ...",GAYAZOV$ BROTHER$,06/09/2020
664,65,Dynamite,BTS,06/09/2020
665,66,Бумажный дом,Mot,06/09/2020
666,67,Небесные розы,JONY,06/09/2020
667,68,Тепло,Max Korzh,06/09/2020
668,69,Август,Intelligency,06/09/2020
669,70,A Million on My Soul (Remix) feat. Alexiane,Moses & EMR3YGUL,06/09/2020
670,71,Положение,Scriptonite,06/09/2020
671,72,Lonely,Max Barskih & Джаро,06/09/2020
672,73,Грустный дэнс (feat. Артём Качер),Artik & Asti,06/09/2020
673,74,ЯТЛ,Zivert,06/09/2020
674,75,Двигаться,Raim,06/09/2020
675,76,BALENCIAGA,FILV,06/09/2020
676,77,Kosandra,Miyagi & Andy Panda,06/09/2020
677,78,Положение,DIOR & Samo & ID,06/09/2020
678,79,Beverly Hills,Zivert,06/09/2020
679,80,Moskva lyubit...,Scriptonite,06/09/2020
680,81,I Got Love (feat. Рем Дигга),Miyagi & Эндшпиль,06/09/2020
681,82,Credo,Zivert,06/09/2020
682,83,Life,Zivert,06/09/2020
683,84,Atlant,Miyagi & Andy Panda,06/09/2020
684,85,Midnight Sky,Miley Cyrus,06/09/2020
685,86,Таблетка,Джаро & Ханза & kavabanga Depo kolibri,06/09/2020
686,87,Увезите меня на Дип-хаус,GAYAZOV$ BROTHER$,06/09/2020
687,88,Камин (feat. JONY),EMIN,06/09/2020
688,89,Дежавю,kizaru,06/09/2020
689,90,Brooklyn (feat. TumaniYO),Miyagi & Andy Panda,06/09/2020
690,91,3-е сентября,Mikhail Shufutinskiy,06/09/2020
691,92,Луна не знает пути,Тайпан & Agunda,06/09/2020
692,93,Kings & Queens,Ava Max,06/09/2020
693,94,МАЛЬЧИК,ФОГЕЛЬ,06/09/2020
694,95,Tantra,Miyagi & Andy Panda,06/09/2020
695,96,Зелёные волны,Zivert,06/09/2020
696,97,Dance Monkey,Tones And I,06/09/2020
697,98,Лютики,просто Лера,06/09/2020
698,99,По щекам слёзы,КУЧЕР & JANAGA,06/09/2020
699,100,Ice Cream,BLACKPINK & Selena Gomez,06/09/2020
700,1,Coco L'Eau,Egor Kreed & The Limba,07/09/2020
701,2,Lollipop,Allj & MORGENSHTERN,07/09/2020
702,3,БЕГИ (feat. Poët),DJ Smash,07/09/2020
703,4,неболей,Basta & Zivert,07/09/2020
704,5,Ты пари,JONY,07/09/2020
705,6,Сияй,Ramil',07/09/2020
706,7,Юность,Dabro,07/09/2020
707,8,ERRDAY,Big Baby Tape,07/09/2020
708,9,Lollipop,Gafur & JONY,07/09/2020
709,10,Мир сошёл с ума,JONY,07/09/2020
710,11,WAP (feat. Megan Thee Stallion),Cardi B,07/09/2020
711,12,Если тебе будет грустно,Rauf & Faik & NILETTO,07/09/2020
712,13,Cadillac,MORGENSHTERN & Allj,07/09/2020
713,14,Minor,Miyagi & Andy Panda,07/09/2020
714,15,X.O,The Limba & Andro,07/09/2020
715,16,Твой поцелуй,Асия & NЮ,07/09/2020
716,17,Поболело и прошло,HENSY,07/09/2020
717,18,Краш,Klava Koka & NILETTO,07/09/2020
718,19,Лето на ветер,Guf & Kravz,07/09/2020
719,20,А если это любовь?,HammAli & Navai,07/09/2020
720,21,Вали,Канги,07/09/2020
721,22,Fendi,Rakhim,07/09/2020
722,23,На своём вайбе (feat. Гуф),Jah Khalib,07/09/2020
723,24,А уже фсё,Mitchel,07/09/2020
724,25,Меня не будет (feat. SALUKI),ANIKV,07/09/2020
725,26,А за окном дожди,JONY,07/09/2020
726,27,Ураган (feat. V $ X V PRiNCE),Guf & Murovei,07/09/2020
727,28,Ты беспощадна,JONY,07/09/2020
728,29,"Я, ТЫ и МОРЕ",GAYAZOV$ BROTHER$,07/09/2020
729,30,Там ревели горы,Miyagi & Andy Panda,07/09/2020
730,31,Нежность,Mary Gu,07/09/2020
731,32,Не смогу,VERBEE & KARA KROSS,07/09/2020
732,33,Минимум,Ямаджи & Фейджи,07/09/2020
733,34,Fly 2 (feat. NILETTO),Zivert,07/09/2020
734,35,Blinding Lights,The Weeknd,07/09/2020
735,36,Lovefool,twocolors,07/09/2020
736,37,F..k That,Bastard!,07/09/2020
737,38,Океан,Mari Kraymbreri,07/09/2020
738,39,Плачу на техно,Cream Soda & Khleb,07/09/2020
739,40,В последний раз,Тима Белорусских,07/09/2020
740,41,ВЕЧЕРиНОЧКА,MONATIK & Вера Брежнева,07/09/2020
741,42,Девочка танцуй,Artik & Asti,07/09/2020
742,43,Комета,JONY,07/09/2020
743,44,"ТЫ КРУЧЕ, ЧЕМ...",GAYAZOV$ BROTHER$,07/09/2020
744,45,Ей нравится,Lesha Svik,07/09/2020
745,46,POPSTAR (feat. Drake),DJ Khaled,07/09/2020
746,47,Фаталити (feat. KAREENA),Elena Temnikova,07/09/2020
747,48,Французский поцелуй,Misha Marvin & Hanna,07/09/2020
748,49,ICE (feat. MORGENSHTERN),MORGENSHTERN,07/09/2020
749,50,Не пускайте танцевать (feat. Aslai),"Timran, Zell & Batrai",07/09/2020
750,51,Utopia,Miyagi & Andy Panda,07/09/2020
751,52,Boom Boom,LOBODA & PHARAOH,07/09/2020
752,53,Mood (feat. iann dior),24kGoldn,07/09/2020
753,54,Yamakasi,Miyagi & Andy Panda,07/09/2020
754,55,Втюрилась,dora,07/09/2020
755,56,Дерзко (feat. Kali),Truwer,07/09/2020
756,57,Покинула чат,Klava Koka,07/09/2020
757,58,Ананасовый сироп,Natan & Ганвест,07/09/2020
758,59,Бумажный дом,Mot,07/09/2020
759,60,Все мимо,Artik & Asti,07/09/2020
760,61,Положение,Scriptonite,07/09/2020
761,62,Было или нет?,ANIKV & SALUKI,07/09/2020
762,63,Забываю обещания,Andro,07/09/2020
763,64,Небесные розы,JONY,07/09/2020
764,65,Девочка с картинки,Egor Kreed,07/09/2020
765,66,Прятки,HammAli & Navai,07/09/2020
766,67,Тепло,Max Korzh,07/09/2020
767,68,A Million on My Soul (Remix) feat. Alexiane,Moses & EMR3YGUL,07/09/2020
768,69,Август,Intelligency,07/09/2020
769,70,Dynamite,BTS,07/09/2020
770,71,Moskva lyubit...,Scriptonite,07/09/2020
771,72,Любимка,NILETTO,07/09/2020
772,73,Kosandra,Miyagi & Andy Panda,07/09/2020
773,74,Положение,DIOR & Samo & ID,07/09/2020
774,75,ЯТЛ,Zivert,07/09/2020
775,76,Грустный дэнс (feat. Артём Качер),Artik & Asti,07/09/2020
776,77,BALENCIAGA,FILV,07/09/2020
777,78,Лютики,просто Лера,07/09/2020
778,79,Двигаться,Raim,07/09/2020
779,80,I Got Love (feat. Рем Дигга),Miyagi & Эндшпиль,07/09/2020
780,81,Lonely,Max Barskih & Джаро,07/09/2020
781,82,Atlant,Miyagi & Andy Panda,07/09/2020
782,83,Beverly Hills,Zivert,07/09/2020
783,84,Credo,Zivert,07/09/2020
784,85,Дежавю,kizaru,07/09/2020
785,86,Brooklyn (feat. TumaniYO),Miyagi & Andy Panda,07/09/2020
786,87,Ice Cream,BLACKPINK & Selena Gomez,07/09/2020
787,88,Life,Zivert,07/09/2020
788,89,Камин (feat. JONY),EMIN,07/09/2020
789,90,Таблетка,Джаро & Ханза & kavabanga Depo kolibri,07/09/2020
790,91,По щекам слёзы,КУЧЕР & JANAGA,07/09/2020
791,92,Kings & Queens,Ava Max,07/09/2020
792,93,Midnight Sky,Miley Cyrus,07/09/2020
793,94,Увезите меня на Дип-хаус,GAYAZOV$ BROTHER$,07/09/2020
794,95,Tantra,Miyagi & Andy Panda,07/09/2020
795,96,МАЛЬЧИК,ФОГЕЛЬ,07/09/2020
796,97,Луна не знает пути,Тайпан & Agunda,07/09/2020
797,98,Watermelon Sugar,Harry Styles,07/09/2020
798,99,Забил,ATL,07/09/2020
799,100,Зелёные волны,Zivert,07/09/2020
800,1,Coco L'Eau,Egor Kreed & The Limba,08/09/2020
801,2,Lollipop,Allj & MORGENSHTERN,08/09/2020
802,3,БЕГИ (feat. Poët),DJ Smash,08/09/2020
803,4,неболей,Basta & Zivert,08/09/2020
804,5,Ты пари,JONY,08/09/2020
805,6,Сияй,Ramil',08/09/2020
806,7,Юность,Dabro,08/09/2020
807,8,ERRDAY,Big Baby Tape,08/09/2020
808,9,Lollipop,Gafur & JONY,08/09/2020
809,10,Если тебе будет грустно,Rauf & Faik & NILETTO,08/09/2020
810,11,Мир сошёл с ума,JONY,08/09/2020
811,12,WAP (feat. Megan Thee Stallion),Cardi B,08/09/2020
812,13,Minor,Miyagi & Andy Panda,08/09/2020
813,14,X.O,The Limba & Andro,08/09/2020
814,15,Cadillac,MORGENSHTERN & Allj,08/09/2020
815,16,Твой поцелуй,Асия & NЮ,08/09/2020
816,17,Поболело и прошло,HENSY,08/09/2020
817,18,Краш,Klava Koka & NILETTO,08/09/2020
818,19,Лето на ветер,Guf & Kravz,08/09/2020
819,20,А если это любовь?,HammAli & Navai,08/09/2020
820,21,Fendi,Rakhim,08/09/2020
821,22,Вали,Канги,08/09/2020
822,23,На своём вайбе (feat. Гуф),Jah Khalib,08/09/2020
823,24,Меня не будет (feat. SALUKI),ANIKV,08/09/2020
824,25,Ураган (feat. V $ X V PRiNCE),Guf & Murovei,08/09/2020
825,26,Ты беспощадна,JONY,08/09/2020
826,27,А уже фсё,Mitchel,08/09/2020
827,28,А за окном дожди,JONY,08/09/2020
828,29,Там ревели горы,Miyagi & Andy Panda,08/09/2020
829,30,"Я, ТЫ и МОРЕ",GAYAZOV$ BROTHER$,08/09/2020
830,31,Минимум,Ямаджи & Фейджи,08/09/2020
831,32,Краски,FEDUK,08/09/2020
832,33,Нежность,Mary Gu,08/09/2020
833,34,Не смогу,VERBEE & KARA KROSS,08/09/2020
834,35,Fly 2 (feat. NILETTO),Zivert,08/09/2020
835,36,Blinding Lights,The Weeknd,08/09/2020
836,37,Lovefool,twocolors,08/09/2020
837,38,Океан,Mari Kraymbreri,08/09/2020
838,39,"ТЫ КРУЧЕ, ЧЕМ...",GAYAZOV$ BROTHER$,08/09/2020
839,40,F..k That,Bastard!,08/09/2020
840,41,Плачу на техно,Cream Soda & Khleb,08/09/2020
841,42,В последний раз,Тима Белорусских,08/09/2020
842,43,Девочка танцуй,Artik & Asti,08/09/2020
843,44,Фаталити (feat. KAREENA),Elena Temnikova,08/09/2020
844,45,ВЕЧЕРиНОЧКА,MONATIK & Вера Брежнева,08/09/2020
845,46,Комета,JONY,08/09/2020
846,47,Не пускайте танцевать (feat. Aslai),"Timran, Zell & Batrai",08/09/2020
847,48,Французский поцелуй,Misha Marvin & Hanna,08/09/2020
848,49,Utopia,Miyagi & Andy Panda,08/09/2020
849,50,Ей нравится,Lesha Svik,08/09/2020
850,51,POPSTAR (feat. Drake),DJ Khaled,08/09/2020
851,52,ICE (feat. MORGENSHTERN),MORGENSHTERN,08/09/2020
852,53,Втюрилась,dora,08/09/2020
853,54,Boom Boom,LOBODA & PHARAOH,08/09/2020
854,55,Yamakasi,Miyagi & Andy Panda,08/09/2020
855,56,Все мимо,Artik & Asti,08/09/2020
856,57,Лютики,просто Лера,08/09/2020
857,58,Август,Intelligency,08/09/2020
858,59,Бумажный дом,Mot,08/09/2020
859,60,Положение,Scriptonite,08/09/2020
860,61,Покинула чат,Klava Koka,08/09/2020
861,62,Дерзко (feat. Kali),Truwer,08/09/2020
862,63,Ананасовый сироп,Natan & Ганвест,08/09/2020
863,64,Забываю обещания,Andro,08/09/2020
864,65,Прятки,HammAli & Navai,08/09/2020
865,66,Девочка с картинки,Egor Kreed,08/09/2020
866,67,Небесные розы,JONY,08/09/2020
867,68,Mood (feat. iann dior),24kGoldn,08/09/2020
868,69,A Million on My Soul (Remix) feat. Alexiane,Moses & EMR3YGUL,08/09/2020
869,70,Тепло,Max Korzh,08/09/2020
870,71,Было или нет?,ANIKV & SALUKI,08/09/2020
871,72,Moskva lyubit...,Scriptonite,08/09/2020
872,73,Kosandra,Miyagi & Andy Panda,08/09/2020
873,74,Dynamite,BTS,08/09/2020
874,75,Положение,DIOR & Samo & ID,08/09/2020
875,76,ЯТЛ,Zivert,08/09/2020
876,77,Любимка,NILETTO,08/09/2020
877,78,I Got Love (feat. Рем Дигга),Miyagi & Эндшпиль,08/09/2020
878,79,Грустный дэнс (feat. Артём Качер),Artik & Asti,08/09/2020
879,80,Atlant,Miyagi & Andy Panda,08/09/2020
880,81,Двигаться,Raim,08/09/2020
881,82,BALENCIAGA,FILV,08/09/2020
882,83,Beverly Hills,Zivert,08/09/2020
883,84,Credo,Zivert,08/09/2020
884,85,Дежавю,kizaru,08/09/2020
885,86,По щекам слёзы,КУЧЕР & JANAGA,08/09/2020
886,87,Brooklyn (feat. TumaniYO),Miyagi & Andy Panda,08/09/2020
887,88,Life,Zivert,08/09/2020
888,89,Камин (feat. JONY),EMIN,08/09/2020
889,90,Lonely,Max Barskih & Джаро,08/09/2020
890,91,Tantra,Miyagi & Andy Panda,08/09/2020
891,92,Таблетка,Джаро & Ханза & kavabanga Depo kolibri,08/09/2020
892,93,Увезите меня на Дип-хаус,GAYAZOV$ BROTHER$,08/09/2020
893,94,Kings & Queens,Ava Max,08/09/2020
894,95,МАЛЬЧИК,ФОГЕЛЬ,08/09/2020
895,96,Луна не знает пути,Тайпан & Agunda,08/09/2020
896,97,Ice Cream,BLACKPINK & Selena Gomez,08/09/2020
897,98,Midnight Sky,Miley Cyrus,08/09/2020
898,99,Забил,ATL,08/09/2020
899,100,Зелёные волны,Zivert,08/09/2020
0,1,Coco L'Eau,Egor Kreed & The Limba,10/09/2020
1,2,БЕГИ (feat. Poët),DJ Smash,10/09/2020
2,3,Lollipop,Allj & MORGENSHTERN,10/09/2020
3,4,неболей,Basta & Zivert,10/09/2020
4,5,Сияй,Ramil',10/09/2020
5,6,Окей,Тима Белорусских,10/09/2020
6,7,Ты пари,JONY,10/09/2020
7,8,Юность,Dabro,10/09/2020
8,9,Если тебе будет грустно,Rauf & Faik & NILETTO,10/09/2020
9,10,Lollipop,Gafur & JONY,10/09/2020
10,11,ERRDAY,Big Baby Tape,10/09/2020
11,12,Мир сошёл с ума,JONY,10/09/2020
12,13,WAP (feat. Megan Thee Stallion),Cardi B,10/09/2020
13,14,Cadillac,MORGENSHTERN & Allj,10/09/2020
14,15,Minor,Miyagi & Andy Panda,10/09/2020
15,16,Твой поцелуй,Асия & NЮ,10/09/2020
16,17,Краски,FEDUK,10/09/2020
17,18,X.O,The Limba & Andro,10/09/2020
18,19,Поболело и прошло,HENSY,10/09/2020
19,20,Краш,Klava Koka & NILETTO,10/09/2020
20,21,А если это любовь?,HammAli & Navai,10/09/2020
21,22,Fendi,Rakhim,10/09/2020
22,23,Вали,Канги,10/09/2020
23,24,Лето на ветер,Guf & Kravz,10/09/2020
24,25,На своём вайбе (feat. Гуф),Jah Khalib,10/09/2020
25,26,А за окном дожди,JONY,10/09/2020
26,27,Ураган (feat. V $ X V PRiNCE),Guf & Murovei,10/09/2020
27,28,Ты беспощадна,JONY,10/09/2020
28,29,Меня не будет (feat. SALUKI),ANIKV,10/09/2020
29,30,Там ревели горы,Miyagi & Andy Panda,10/09/2020
30,31,А уже фсё,Mitchel,10/09/2020
31,32,Moskva lyubit...,Scriptonite,10/09/2020
32,33,"Я, ТЫ и МОРЕ",GAYAZOV$ BROTHER$,10/09/2020
33,34,Океан,Mari Kraymbreri,10/09/2020
34,35,Минимум,Ямаджи & Фейджи,10/09/2020
35,36,Не смогу,VERBEE & KARA KROSS,10/09/2020
36,37,Нежность,Mary Gu,10/09/2020
37,38,Fly 2 (feat. NILETTO),Zivert,10/09/2020
38,39,"ТЫ КРУЧЕ, ЧЕМ...",GAYAZOV$ BROTHER$,10/09/2020
39,40,Blinding Lights,The Weeknd,10/09/2020
40,41,Lovefool,twocolors,10/09/2020
41,42,Девочка танцуй,Artik & Asti,10/09/2020
42,43,Фаталити (feat. KAREENA),Elena Temnikova,10/09/2020
43,44,Не пускайте танцевать (feat. Aslai),"Timran, Zell & Batrai",10/09/2020
44,45,Комета,JONY,10/09/2020
45,46,F..k That,Bastard!,10/09/2020
46,47,Плачу на техно,Cream Soda & Khleb,10/09/2020
47,48,ВЕЧЕРиНОЧКА,MONATIK & Вера Брежнева,10/09/2020
48,49,В последний раз,Тима Белорусских,10/09/2020
49,50,Втюрилась,dora,10/09/2020
50,51,Лютики,просто Лера,10/09/2020
51,52,Французский поцелуй,Misha Marvin & Hanna,10/09/2020
52,53,Ей нравится,Lesha Svik,10/09/2020
53,54,POPSTAR (feat. Drake),DJ Khaled,10/09/2020
54,55,Utopia,Miyagi & Andy Panda,10/09/2020
55,56,ICE (feat. MORGENSHTERN),MORGENSHTERN,10/09/2020
56,57,Все мимо,Artik & Asti,10/09/2020
57,58,Положение,Scriptonite,10/09/2020
58,59,A Million on My Soul (Remix) feat. Alexiane,Moses & EMR3YGUL,10/09/2020
59,60,Boom Boom,LOBODA & PHARAOH,10/09/2020
60,61,Yamakasi,Miyagi & Andy Panda,10/09/2020
61,62,Бумажный дом,Mot,10/09/2020
62,63,Забываю обещания,Andro,10/09/2020
63,64,Прятки,HammAli & Navai,10/09/2020
64,65,Покинула чат,Klava Koka,10/09/2020
65,66,Август,Intelligency,10/09/2020
66,67,Девочка с картинки,Egor Kreed,10/09/2020
67,68,Ананасовый сироп,Natan & Ганвест,10/09/2020
68,69,ЯТЛ,Zivert,10/09/2020
69,70,Небесные розы,JONY,10/09/2020
70,71,Kosandra,Miyagi & Andy Panda,10/09/2020
71,72,I Got Love (feat. Рем Дигга),Miyagi & Эндшпиль,10/09/2020
72,73,Любимка,NILETTO,10/09/2020
73,74,Грустный дэнс (feat. Артём Качер),Artik & Asti,10/09/2020
74,75,Dynamite,BTS,10/09/2020
75,76,Mood (feat. iann dior),24kGoldn,10/09/2020
76,77,Тепло,Max Korzh,10/09/2020
77,78,Положение,DIOR & Samo & ID,10/09/2020
78,79,Beverly Hills,Zivert,10/09/2020
79,80,Дерзко (feat. Kali),Truwer,10/09/2020
80,81,Двигаться,Raim,10/09/2020
81,82,Credo,Zivert,10/09/2020
82,83,Atlant,Miyagi & Andy Panda,10/09/2020
83,84,По щекам слёзы,КУЧЕР & JANAGA,10/09/2020
84,85,Life,Zivert,10/09/2020
85,86,Было или нет?,ANIKV & SALUKI,10/09/2020
86,87,BALENCIAGA,FILV,10/09/2020
87,88,Дежавю,kizaru,10/09/2020
88,89,Камин (feat. JONY),EMIN,10/09/2020
89,90,Brooklyn (feat. TumaniYO),Miyagi & Andy Panda,10/09/2020
90,91,Увезите меня на Дип-хаус,GAYAZOV$ BROTHER$,10/09/2020
91,92,Lonely,Max Barskih & Джаро,10/09/2020
92,93,Kings & Queens,Ava Max,10/09/2020
93,94,МАЛЬЧИК,ФОГЕЛЬ,10/09/2020
94,95,Tantra,Miyagi & Andy Panda,10/09/2020
95,96,2X20 (feat. SALUKI),OSA,10/09/2020
96,97,Таблетка,Джаро & Ханза & kavabanga Depo kolibri,10/09/2020
97,98,Луна не знает пути,Тайпан & Agunda,10/09/2020
98,99,Ice Cream,BLACKPINK & Selena Gomez,10/09/2020
99,100,Забил,ATL,10/09/2020
