,rank,title,artist,date,streams,week,delta_rank,weeks_in_chart,best_pos,delta_streams,full_id
0,1,Dynamite,BTS,31/08/2020,"749,361",24/08/20 - 30/08/20,,,,,
1,2,Дежавю,kizaru,31/08/2020,"306,269",24/08/20 - 30/08/20,,,,,
2,3,Cadillac,MORGENSHTERN,31/08/2020,"282,133",24/08/20 - 30/08/20,,,,,
3,4,Fendi,Rakhim,31/08/2020,"278,916",24/08/20 - 30/08/20,,,,,
4,5,Blinding Lights,The Weeknd,31/08/2020,"253,590",24/08/20 - 30/08/20,,,,,
5,6,Меня не будет,ANIKV,31/08/2020,"235,588",24/08/20 - 30/08/20,,,,,
6,7,WAP (feat. Megan Thee Stallion),Cardi B,31/08/2020,"230,491",24/08/20 - 30/08/20,,,,,
7,8,ICE (feat. MORGENSHTERN),MORGENSHTERN,31/08/2020,"230,407",24/08/20 - 30/08/20,,,,,
8,9,Friendly Fire - Prod. Avepack,Boulevard Depo,31/08/2020,"227,457",24/08/20 - 30/08/20,,,,,
9,10,Москва любит...,Scriptonite,31/08/2020,"223,206",24/08/20 - 30/08/20,,,,,
10,11,X.O,The Limba,31/08/2020,"222,353",24/08/20 - 30/08/20,,,,,
11,12,Minor,Miyagi & Andy Panda,31/08/2020,"215,377",24/08/20 - 30/08/20,,,,,
12,13,Колхозник,Mnogoznaal,31/08/2020,"209,525",24/08/20 - 30/08/20,,,,,
13,14,Юность,Dabro,31/08/2020,"207,178",24/08/20 - 30/08/20,,,,,
14,15,Поболело и прошло,HENSY,31/08/2020,"205,972",24/08/20 - 30/08/20,,,,,
15,16,Тепло,Max Korzh,31/08/2020,"202,984",24/08/20 - 30/08/20,,,,,
16,17,Сияй,Ramil',31/08/2020,"197,908",24/08/20 - 30/08/20,,,,,
17,18,Забил,ATL,31/08/2020,"196,026",24/08/20 - 30/08/20,,,,,
18,19,Всё в порядке,DK,31/08/2020,"177,135",24/08/20 - 30/08/20,,,,,
19,20,Краш,Klava Koka,31/08/2020,"171,782",24/08/20 - 30/08/20,,,,,
20,21,Narcos,kizaru,31/08/2020,"167,455",24/08/20 - 30/08/20,,,,,
21,22,2 типа людей,Max Korzh,31/08/2020,"164,032",24/08/20 - 30/08/20,,,,,
22,23,Положение,Scriptonite,31/08/2020,"163,518",24/08/20 - 30/08/20,,,,,
23,24,Trap Luv,Big BaTape,31/08/2020,"153,689",24/08/20 - 30/08/20,,,,,
24,25,How You Like That,BLACKPINK,31/08/2020,"152,381",24/08/20 - 30/08/20,,,,,
25,26,Времена,Max Korzh,31/08/2020,"148,024",24/08/20 - 30/08/20,,,,,
26,27,ROCKSTAR (feat. Roddy Ricch),DaBaby,31/08/2020,"146,046",24/08/20 - 30/08/20,,,,,
27,28,Проснулся В Темноте,GONE.Fludd,31/08/2020,"141,374",24/08/20 - 30/08/20,,,,,
28,29,ON,BTS,31/08/2020,"137,980",24/08/20 - 30/08/20,,,,,
29,30,Yamakasi,Miyagi & Andy Panda,31/08/2020,"137,393",24/08/20 - 30/08/20,,,,,
30,31,Вали,Канги,31/08/2020,"133,265",24/08/20 - 30/08/20,,,,,
31,32,Angry toy$ - Prod. Ray Qwa,Boulevard Depo,31/08/2020,"132,240",24/08/20 - 30/08/20,,,,,
32,33,Дорадура,дора,31/08/2020,"131,213",24/08/20 - 30/08/20,,,,,
33,34,Номера,LSP,31/08/2020,"128,861",24/08/20 - 30/08/20,,,,,
34,35,молчи,кис-кис,31/08/2020,"128,783",24/08/20 - 30/08/20,,,,,
35,36,Плачу на техно,Cream Soda,31/08/2020,"128,230",24/08/20 - 30/08/20,,,,,
36,37,Watermelon Sugar,Harry Styles,31/08/2020,"126,446",24/08/20 - 30/08/20,,,,,
37,38,Honey's Kettle,kizaru,31/08/2020,"126,389",24/08/20 - 30/08/20,,,,,
38,39,Her,Pacosp,31/08/2020,"125,912",24/08/20 - 30/08/20,,,,,
39,40,ВТОРНИК,GONE.Fludd,31/08/2020,"123,313",24/08/20 - 30/08/20,,,,,
40,41,Black Swan,BTS,31/08/2020,"120,911",24/08/20 - 30/08/20,,,,,
41,42,Again,Pacosp,31/08/2020,"120,038",24/08/20 - 30/08/20,,,,,
42,43,Антигерой,Mnogoznaal,31/08/2020,"119,848",24/08/20 - 30/08/20,,,,,
43,44,MONEY LONG,kizaru,31/08/2020,"119,366",24/08/20 - 30/08/20,,,,,
44,45,ДЕВОЧКА С КАРЕ,MUKKA,31/08/2020,"117,238",24/08/20 - 30/08/20,,,,,
45,46,Kosandra,Miyagi & Andy Panda,31/08/2020,"114,816",24/08/20 - 30/08/20,,,,,
46,47,911,Eldzhey,31/08/2020,"114,737",24/08/20 - 30/08/20,,,,,
47,48,Конфеты,Markul,31/08/2020,"113,364",24/08/20 - 30/08/20,,,,,
48,49,Boy With Luv (feat. Halsey),BTS,31/08/2020,"111,959",24/08/20 - 30/08/20,,,,,
49,50,Без ключа,PHARAOH,31/08/2020,"111,824",24/08/20 - 30/08/20,,,,,
50,51,Laugh Now Cry Later (feat. Lil Durk),Drake,31/08/2020,"110,400",24/08/20 - 30/08/20,,,,,
51,52,ЮМОРИСТ - Original Motion Picture Soundtrack,FACE,31/08/2020,"108,099",24/08/20 - 30/08/20,,,,,
52,53,Midnight Sky,Miley Cyrus,31/08/2020,"107,334",24/08/20 - 30/08/20,,,,,
53,54,Smile (with The Weeknd),Juice WRLD,31/08/2020,"106,525",24/08/20 - 30/08/20,,,,,
54,55,Не Киряй,MUKKA,31/08/2020,"106,243",24/08/20 - 30/08/20,,,,,
55,56,Brooklyn,Miyagi & Andy Panda,31/08/2020,"105,634",24/08/20 - 30/08/20,,,,,
56,57,Lovefool,twocolors,31/08/2020,"105,221",24/08/20 - 30/08/20,,,,,
57,58,Днями-ночами,Pyrokinesis,31/08/2020,"103,930",24/08/20 - 30/08/20,,,,,
58,59,Цепи,Scriptonite,31/08/2020,"103,370",24/08/20 - 30/08/20,,,,,
59,60,Шантаж,Max Korzh,31/08/2020,"101,971",24/08/20 - 30/08/20,,,,,
60,61,Стресс,SALUKI,31/08/2020,"101,953",24/08/20 - 30/08/20,,,,,
61,62,Серпантин,ATL,31/08/2020,"100,738",24/08/20 - 30/08/20,,,,,
62,63,XXX,Yanix,31/08/2020,"100,222",24/08/20 - 30/08/20,,,,,
63,64,Roses - Imanbek Remix,SAINt JHN,31/08/2020,"99,398",24/08/20 - 30/08/20,,,,,
64,65,Серпантин,Markul,31/08/2020,"99,278",24/08/20 - 30/08/20,,,,,
65,66,неболей,Basta,31/08/2020,"98,737",24/08/20 - 30/08/20,,,,,
66,67,РАТАТАТАТА,MORGENSHTERN,31/08/2020,"98,545",24/08/20 - 30/08/20,,,,,
67,68,Breaking Me,Topic,31/08/2020,"98,121",24/08/20 - 30/08/20,,,,,
68,69,Falling,Trevor Daniel,31/08/2020,"97,326",24/08/20 - 30/08/20,,,,,
69,70,Новый Мерин,MORGENSHTERN,31/08/2020,"97,270",24/08/20 - 30/08/20,,,,,
70,71,Покинула чат,Klava Koka,31/08/2020,"96,720",24/08/20 - 30/08/20,,,,,
71,72,Utopia,Miyagi & Andy Panda,31/08/2020,"95,241",24/08/20 - 30/08/20,,,,,
72,73,Мультибрендовый,Scriptonite,31/08/2020,"95,208",24/08/20 - 30/08/20,,,,,
73,74,Там ревели горы,Miyagi & Andy Panda,31/08/2020,"94,829",24/08/20 - 30/08/20,,,,,
74,75,Привычка,Scriptonite,31/08/2020,"94,603",24/08/20 - 30/08/20,,,,,
75,76,Pink Narwhal,IsaacMusic,31/08/2020,"93,187",24/08/20 - 30/08/20,,,,,
76,77,Toosie Slide,Drake,31/08/2020,"93,034",24/08/20 - 30/08/20,,,,,
77,78,Инкассатор,ROCKET,31/08/2020,"92,167",24/08/20 - 30/08/20,,,,,
78,79,Daechwita,Agust D,31/08/2020,"92,159",24/08/20 - 30/08/20,,,,,
79,80,Gimme The Loot,Big BaTape,31/08/2020,"91,328",24/08/20 - 30/08/20,,,,,
80,81,Stay Gold,BTS,31/08/2020,"90,990",24/08/20 - 30/08/20,,,,,
81,82,Любимка,NILETTO,31/08/2020,"89,902",24/08/20 - 30/08/20,,,,,
82,83,Малый повзрослел,Max Korzh,31/08/2020,"89,697",24/08/20 - 30/08/20,,,,,
83,84,Kings & Queens,Ava Max,31/08/2020,"89,657",24/08/20 - 30/08/20,,,,,
84,85,Увезите меня на Дип-хаус,GAYAZOV$ BROTHER$,31/08/2020,"89,581",24/08/20 - 30/08/20,,,,,
85,86,Кино,MACAN,31/08/2020,"89,064",24/08/20 - 30/08/20,,,,,
86,87,Гостиница Космос,Mnogoznaal,31/08/2020,"88,797",24/08/20 - 30/08/20,,,,,
87,88,БЕГИ feat. Poët,DJ Smash,31/08/2020,"88,752",24/08/20 - 30/08/20,,,,,
88,89,Dynamite - Instrumental,BTS,31/08/2020,"88,546",24/08/20 - 30/08/20,,,,,
89,90,August,Intelligency,31/08/2020,"87,893",24/08/20 - 30/08/20,,,,,
90,91,Ананасовый сироп,Natan,31/08/2020,"87,250",24/08/20 - 30/08/20,,,,,
91,92,Ты пари,JONY,31/08/2020,"86,744",24/08/20 - 30/08/20,,,,,
92,93,Танцы,ssshhhiiittt!,31/08/2020,"86,737",24/08/20 - 30/08/20,,,,,
93,94,Между Нами,LIZER,31/08/2020,"86,647",24/08/20 - 30/08/20,,,,,
94,95,Ты беспощадна,JONY,31/08/2020,"86,543",24/08/20 - 30/08/20,,,,,
95,96,Надежда,FACE,31/08/2020,"86,188",24/08/20 - 30/08/20,,,,,
96,97,Танцуйте,ATL,31/08/2020,"84,663",24/08/20 - 30/08/20,,,,,
97,98,Грустная Песня (feat. Егор Крид & MORGENSHTERN),THRILL PILL,31/08/2020,"84,631",24/08/20 - 30/08/20,,,,,
98,99,Ураган (feat. V $ X V PRiNCE),GUF,31/08/2020,"84,472",24/08/20 - 30/08/20,,,,,
99,100,Your eyes tell,BTS,31/08/2020,"84,345",24/08/20 - 30/08/20,,,,,
100,101,Lollipop,Gafur,31/08/2020,"84,074",24/08/20 - 30/08/20,,,,,
101,102,HIGHEST IN THE ROOM,Travis Scott,31/08/2020,"83,723",24/08/20 - 30/08/20,,,,,
102,103,Малолетка,Max Korzh,31/08/2020,"83,479",24/08/20 - 30/08/20,,,,,
103,104,Not Shy,ITZY,31/08/2020,"81,505",24/08/20 - 30/08/20,,,,,
104,105,77,MACAN,31/08/2020,"80,585",24/08/20 - 30/08/20,,,,,
105,106,Бандана,Платина,31/08/2020,"80,339",24/08/20 - 30/08/20,,,,,
106,107,Fly 2,Zivert,31/08/2020,"80,226",24/08/20 - 30/08/20,,,,,
107,108,THE SCOTTS,THE SCOTTS,31/08/2020,"79,801",24/08/20 - 30/08/20,,,,,
108,109,B.I.D,Markul,31/08/2020,"79,519",24/08/20 - 30/08/20,,,,,
109,110,Нон стоп,Poshlaja Molli,31/08/2020,"79,378",24/08/20 - 30/08/20,,,,,
110,111,По необъятной,DK,31/08/2020,"79,110",24/08/20 - 30/08/20,,,,,
111,112,Рашан моуст уонтэд,kizaru,31/08/2020,"79,059",24/08/20 - 30/08/20,,,,,
112,113,27,FEDUK,31/08/2020,"78,852",24/08/20 - 30/08/20,,,,,
113,114,"WHATS POPPIN (feat. DaBaby, Tory Lanez & Lil Wayne) - Remix",Jack Harlow,31/08/2020,"78,792",24/08/20 - 30/08/20,,,,,
114,115,Это любовь,Scriptonite,31/08/2020,"78,598",24/08/20 - 30/08/20,,,,,
115,116,SICKO MODE,Travis Scott,31/08/2020,"78,445",24/08/20 - 30/08/20,,,,,
116,117,Such a Whore (Stellular Remix),Jvla,31/08/2020,"78,101",24/08/20 - 30/08/20,,,,,
117,118,Star Shopping,Lil Peep,31/08/2020,"78,084",24/08/20 - 30/08/20,,,,,
118,119,Не по пути,PHARAOH,31/08/2020,"77,980",24/08/20 - 30/08/20,,,,,
119,120,НЕ ЖАЛЬ,104,31/08/2020,"76,941",24/08/20 - 30/08/20,,,,,
120,121,Мишка (feat. KATERINA),Poshlaja Molli,31/08/2020,"76,657",24/08/20 - 30/08/20,,,,,
121,122,Марабу,ATL,31/08/2020,"76,507",24/08/20 - 30/08/20,,,,,
122,123,Мне пох,Klava Koka,31/08/2020,"75,902",24/08/20 - 30/08/20,,,,,
123,124,NBA (Не мешай),RSAC,31/08/2020,"75,534",24/08/20 - 30/08/20,,,,,
124,125,Кукла колдуна,Korol i Shut,31/08/2020,"75,509",24/08/20 - 30/08/20,,,,,
125,126,X2 - Prod. Gredy,Boulevard Depo,31/08/2020,"75,300",24/08/20 - 30/08/20,,,,,
126,127,Малиновый закат,Max Korzh,31/08/2020,"74,947",24/08/20 - 30/08/20,,,,,
127,128,Come & Go (with Marshmello),Juice WRLD,31/08/2020,"74,766",24/08/20 - 30/08/20,,,,,
128,129,Пачка сигарет,LIZER,31/08/2020,"74,476",24/08/20 - 30/08/20,,,,,
129,130,Ахегао,MAYBE BABY,31/08/2020,"74,146",24/08/20 - 30/08/20,,,,,
130,131,СПАСАТЕЛЬНЫЙ КРУГ,FACE,31/08/2020,"74,084",24/08/20 - 30/08/20,,,,,
131,132,ВКУС ЯДА (feat. IROH),GONE.Fludd,31/08/2020,"73,998",24/08/20 - 30/08/20,,,,,
132,133,GOOBA,6ix9ine,31/08/2020,"73,991",24/08/20 - 30/08/20,,,,,
133,134,СМУЗИ,The Limba,31/08/2020,"73,564",24/08/20 - 30/08/20,,,,,
134,135,goosebumps,Travis Scott,31/08/2020,"73,382",24/08/20 - 30/08/20,,,,,
135,136,МОЙ КАЛАШНИКОВ,FACE,31/08/2020,"73,365",24/08/20 - 30/08/20,,,,,
136,137,Boom Boom,LOBODA,31/08/2020,"73,022",24/08/20 - 30/08/20,,,,,
137,138,Таблетка,Dzharo & Khanza,31/08/2020,"72,433",24/08/20 - 30/08/20,,,,,
138,139,Hokage,Big BaTape,31/08/2020,"72,088",24/08/20 - 30/08/20,,,,,
139,140,Горы по колено,Max Korzh,31/08/2020,"71,871",24/08/20 - 30/08/20,,,,,
140,141,Phantom,Markul,31/08/2020,"71,784",24/08/20 - 30/08/20,,,,,
141,142,Surname (Prod. DJ Tape & Aarne),Big BaTape,31/08/2020,"71,665",24/08/20 - 30/08/20,,,,,
142,143,Air Force 1,lil krystalll,31/08/2020,"71,581",24/08/20 - 30/08/20,,,,,
143,144,Ламбада,T-Fest,31/08/2020,"71,014",24/08/20 - 30/08/20,,,,,
144,145,Blueberry Faygo,Lil Mosey,31/08/2020,"70,934",24/08/20 - 30/08/20,,,,,
145,146,Savage Love (Laxed - Siren Beat),Jawsh 685,31/08/2020,"70,825",24/08/20 - 30/08/20,,,,,
146,147,Монетка,LSP,31/08/2020,"70,763",24/08/20 - 30/08/20,,,,,
147,148,Balenciaga,FILV,31/08/2020,"70,567",24/08/20 - 30/08/20,,,,,
148,149,ЯТЛ,Zivert,31/08/2020,"70,545",24/08/20 - 30/08/20,,,,,
149,150,Диибо,OG Buda,31/08/2020,"70,168",24/08/20 - 30/08/20,,,,,
150,151,Break My Heart,Dua Lipa,31/08/2020,"69,795",24/08/20 - 30/08/20,,,,,
151,152,2 минуты,Markul,31/08/2020,"69,717",24/08/20 - 30/08/20,,,,,
152,153,Money long,kizaru,31/08/2020,"69,620",24/08/20 - 30/08/20,,,,,
153,154,The Box,Roddy Ricch,31/08/2020,"69,554",24/08/20 - 30/08/20,,,,,
154,155,Yung Hefner,MORGENSHTERN,31/08/2020,"69,322",24/08/20 - 30/08/20,,,,,
155,156,Где нас нет,Oxxxymiron,31/08/2020,"69,124",24/08/20 - 30/08/20,,,,,
156,157,Евгений Онегин,kizaru,31/08/2020,"68,778",24/08/20 - 30/08/20,,,,,
157,158,Девочка в классе,Dzhizus,31/08/2020,"67,954",24/08/20 - 30/08/20,,,,,
158,159,что для тебя красота,maslo chernogo tmina,31/08/2020,"67,893",24/08/20 - 30/08/20,,,,,
159,160,EMPIRE,WENGIE,31/08/2020,"67,679",24/08/20 - 30/08/20,,,,,
160,161,Комета,JONY,31/08/2020,"67,491",24/08/20 - 30/08/20,,,,,
161,162,Dance Monkey,Tones And I,31/08/2020,"66,809",24/08/20 - 30/08/20,,,,,
162,163,ODIUM,LXST CXNTURY,31/08/2020,"66,807",24/08/20 - 30/08/20,,,,,
163,164,Infinite Tsukuyomi,ROCKET,31/08/2020,"66,697",24/08/20 - 30/08/20,,,,,
164,165,Полковнику никто не пишет,Bi-2,31/08/2020,"66,462",24/08/20 - 30/08/20,,,,,
165,166,"Бэнтли, Бенз и Бумер",Платина,31/08/2020,"66,437",24/08/20 - 30/08/20,,,,,
166,167,EMPIRE - English Version,WENGIE,31/08/2020,"66,173",24/08/20 - 30/08/20,,,,,
167,168,Худший друг,Markul,31/08/2020,"66,068",24/08/20 - 30/08/20,,,,,
168,169,my future,Billie Eilish,31/08/2020,"66,064",24/08/20 - 30/08/20,,,,,
169,170,KONSTRUKT,PORCHY,31/08/2020,"66,047",24/08/20 - 30/08/20,,,,,
170,171,EMPIRE - Korean Version,WENGIE,31/08/2020,"65,755",24/08/20 - 30/08/20,,,,,
171,172,EMPIRE - Instrumental,WENGIE,31/08/2020,"65,678",24/08/20 - 30/08/20,,,,,
172,173,Fata Morgana,Markul,31/08/2020,"65,304",24/08/20 - 30/08/20,,,,,
173,174,А если это любовь?,HammAli & Navai,31/08/2020,"65,182",24/08/20 - 30/08/20,,,,,
174,175,3x3,Gruppa Skryptonite,31/08/2020,"64,567",24/08/20 - 30/08/20,,,,,
175,176,Сердце Лёд,Cream Soda,31/08/2020,"64,558",24/08/20 - 30/08/20,,,,,
176,177,I Got Love,MiyaGi & Endspiel,31/08/2020,"64,238",24/08/20 - 30/08/20,,,,,
177,178,ВЕСНУШКИ,Tima Belorusskih,31/08/2020,"64,064",24/08/20 - 30/08/20,,,,,
178,179,На своём вайбе (feat. Гуф),Jah Khalib,31/08/2020,"63,825",24/08/20 - 30/08/20,,,,,
179,180,Животные,Scriptonite,31/08/2020,"63,408",24/08/20 - 30/08/20,,,,,
180,181,Разнесем,Max Korzh,31/08/2020,"63,227",24/08/20 - 30/08/20,,,,,
181,182,God’s Menu,Stray Kids,31/08/2020,"63,159",24/08/20 - 30/08/20,,,,,
182,183,Французский поцелуй,Misha Marvin,31/08/2020,"63,069",24/08/20 - 30/08/20,,,,,
183,184,Пряталась в ванной,Mari Kraimbrery,31/08/2020,"63,052",24/08/20 - 30/08/20,,,,,
184,185,Буду,DK,31/08/2020,"62,711",24/08/20 - 30/08/20,,,,,
185,186,Head & Heart (feat. MNEK),Joel Corry,31/08/2020,"62,342",24/08/20 - 30/08/20,,,,,
186,187,death bed (coffee for your head),Powfu,31/08/2020,"62,338",24/08/20 - 30/08/20,,,,,
187,188,Россия для грустных,Pornofilmy,31/08/2020,"62,065",24/08/20 - 30/08/20,,,,,
188,189,Хочу перемен,Kino,31/08/2020,"61,996",24/08/20 - 30/08/20,,,,,
189,190,Я так соскучился,Pornofilmy,31/08/2020,"61,795",24/08/20 - 30/08/20,,,,,
190,191,Никаких Больше Вечеринок,Cream Soda,31/08/2020,"61,536",24/08/20 - 30/08/20,,,,,
191,192,Двигаться,Raim,31/08/2020,"61,441",24/08/20 - 30/08/20,,,,,
192,193,Девочка танцуй,Artik & Asti,31/08/2020,"61,423",24/08/20 - 30/08/20,,,,,
193,194,Пачка сигарет,Kino,31/08/2020,"61,229",24/08/20 - 30/08/20,,,,,
194,195,Веселей,Scriptonite,31/08/2020,"61,094",24/08/20 - 30/08/20,,,,,
195,196,Остров,МЫ,31/08/2020,"61,071",24/08/20 - 30/08/20,,,,,
196,197,Мы открываем бизнес (Skit),SHOOVAL,31/08/2020,"60,872",24/08/20 - 30/08/20,,,,,
197,198,bad guy,Billie Eilish,31/08/2020,"60,718",24/08/20 - 30/08/20,,,,,
198,199,Say No Mo,kizaru,31/08/2020,"60,594",24/08/20 - 30/08/20,,,,,
199,200,Фас,MATRANG,31/08/2020,"59,979",24/08/20 - 30/08/20,,,,,
200,1,Dynamite,BTS,09/09/2020,416346,02/09/20 - 08/09/20,0.0,2.0,1.0,-333015.0,Dynamite#bh#_#bh#BTS
201,2,Дежавю,kizaru,09/09/2020,311411,02/09/20 - 08/09/20,0.0,2.0,2.0,5142.0,Дежавю#bh#_#bh#kizaru
202,3,Cadillac,MORGENSHTERN,09/09/2020,284608,02/09/20 - 08/09/20,0.0,2.0,3.0,2475.0,Cadillac#bh#_#bh#MORGENSHTERN
203,4,WAP (feat. Megan Thee Stallion),Cardi B,09/09/2020,278254,02/09/20 - 08/09/20,3.0,2.0,4.0,47763.0,WAP (feat. Megan Thee Stallion)#bh#_#bh#Cardi B
204,5,Ice Cream (with Selena Gomez),BLACKPINK,09/09/2020,266819,02/09/20 - 08/09/20,,1.0,5.0,,Ice Cream (with Selena Gomez)#bh#_#bh#BLACKPINK
205,6,Меня не будет,ANIKV,09/09/2020,250626,02/09/20 - 08/09/20,0.0,2.0,6.0,15038.0,Меня не будет#bh#_#bh#ANIKV
206,7,Fendi,Rakhim,09/09/2020,250528,02/09/20 - 08/09/20,-3.0,2.0,4.0,-28388.0,Fendi#bh#_#bh#Rakhim
207,8,Blinding Lights,The Weeknd,09/09/2020,247876,02/09/20 - 08/09/20,-3.0,2.0,5.0,222517.0,Blinding Lights#bh#_#bh#The Weeknd
208,9,X.O,The Limba,09/09/2020,236331,02/09/20 - 08/09/20,2.0,2.0,9.0,13978.0,X.O#bh#_#bh#The Limba
209,10,Friendly Fire - Prod. Avepack,Boulevard Depo,09/09/2020,230531,02/09/20 - 08/09/20,-1.0,2.0,9.0,3074.0,Friendly Fire - Prod. Avepack#bh#_#bh#Boulevard Depo
210,11,Юность,Dabro,09/09/2020,227118,02/09/20 - 08/09/20,3.0,2.0,11.0,19940.0,Юность#bh#_#bh#Dabro
211,12,Москва любит...,Scriptonite,09/09/2020,225270,02/09/20 - 08/09/20,-2.0,2.0,10.0,2064.0,Москва любит...#bh#_#bh#Scriptonite
212,13,Поболело и прошло,HENSY,09/09/2020,218270,02/09/20 - 08/09/20,2.0,2.0,13.0,12298.0,Поболело и прошло#bh#_#bh#HENSY
213,14,Minor,Miyagi & Andy Panda,09/09/2020,216330,02/09/20 - 08/09/20,-2.0,2.0,12.0,953.0,Minor#bh#_#bh#Miyagi & Andy Panda
214,15,Колхозник,Mnogoznaal,09/09/2020,211125,02/09/20 - 08/09/20,-2.0,2.0,13.0,1600.0,Колхозник#bh#_#bh#Mnogoznaal
215,16,Сияй,Ramil',09/09/2020,208562,02/09/20 - 08/09/20,1.0,2.0,16.0,10654.0,Сияй#bh#_#bh#Ramil'
216,17,ICE (feat. MORGENSHTERN),MORGENSHTERN,09/09/2020,202599,02/09/20 - 08/09/20,-9.0,2.0,8.0,-27808.0,ICE (feat. MORGENSHTERN)#bh#_#bh#MORGENSHTERN
217,18,Тепло,Max Korzh,09/09/2020,183497,02/09/20 - 08/09/20,-2.0,2.0,16.0,-19487.0,Тепло#bh#_#bh#Max Korzh
218,19,Забил,ATL,09/09/2020,182794,02/09/20 - 08/09/20,-1.0,2.0,18.0,-13232.0,Забил#bh#_#bh#ATL
219,20,Втюрилась,дора,09/09/2020,182727,02/09/20 - 08/09/20,,1.0,20.0,,Втюрилась#bh#_#bh#дора
220,21,Краш,Klava Koka,09/09/2020,172239,02/09/20 - 08/09/20,-1.0,2.0,20.0,457.0,Краш#bh#_#bh#Klava Koka
221,22,THE BADDEST,K/DA,09/09/2020,164976,02/09/20 - 08/09/20,,1.0,22.0,,THE BADDEST#bh#_#bh#K/DA
222,23,Положение,Scriptonite,09/09/2020,163219,02/09/20 - 08/09/20,0.0,2.0,23.0,-299.0,Положение#bh#_#bh#Scriptonite
223,24,Narcos,kizaru,09/09/2020,161692,02/09/20 - 08/09/20,-3.0,2.0,21.0,-5763.0,Narcos#bh#_#bh#kizaru
224,25,2 типа людей,Max Korzh,09/09/2020,159353,02/09/20 - 08/09/20,-3.0,2.0,22.0,-4679.0,2 типа людей#bh#_#bh#Max Korzh
225,26,How You Like That,BLACKPINK,09/09/2020,158181,02/09/20 - 08/09/20,-1.0,2.0,25.0,5800.0,How You Like That#bh#_#bh#BLACKPINK
226,27,Вали,Канги,09/09/2020,156119,02/09/20 - 08/09/20,4.0,2.0,27.0,22854.0,Вали#bh#_#bh#Канги
227,28,Trap Luv,Big BaTape,09/09/2020,148450,02/09/20 - 08/09/20,-4.0,2.0,24.0,-5239.0,Trap Luv#bh#_#bh#Big BaTape
228,29,She Wants,ROCKET,09/09/2020,140961,02/09/20 - 08/09/20,,1.0,29.0,,She Wants#bh#_#bh#ROCKET
229,30,ROCKSTAR (feat. Roddy Ricch),DaBaby,09/09/2020,134984,02/09/20 - 08/09/20,-3.0,2.0,27.0,-11062.0,ROCKSTAR (feat. Roddy Ricch)#bh#_#bh#DaBaby
230,31,Дорадура,дора,09/09/2020,134003,02/09/20 - 08/09/20,2.0,2.0,31.0,2790.0,Дорадура#bh#_#bh#дора
231,32,Yamakasi,Miyagi & Andy Panda,09/09/2020,133820,02/09/20 - 08/09/20,-2.0,2.0,30.0,-3573.0,Yamakasi#bh#_#bh#Miyagi & Andy Panda
232,33,Проснулся В Темноте,GONE.Fludd,09/09/2020,133431,02/09/20 - 08/09/20,-5.0,2.0,28.0,-7943.0,Проснулся В Темноте#bh#_#bh#GONE.Fludd
233,34,молчи,кис-кис,09/09/2020,131971,02/09/20 - 08/09/20,1.0,2.0,34.0,3188.0,молчи#bh#_#bh#кис-кис
234,35,Angry toy$ - Prod. Ray Qwa,Boulevard Depo,09/09/2020,128076,02/09/20 - 08/09/20,-3.0,2.0,32.0,114852.0,Angry toy$ - Prod. Ray Qwa#bh#_#bh#Boulevard Depo
235,36,Времена,Max Korzh,09/09/2020,126583,02/09/20 - 08/09/20,-10.0,2.0,26.0,-21441.0,Времена#bh#_#bh#Max Korzh
236,37,Плачу на техно,Cream Soda,09/09/2020,126558,02/09/20 - 08/09/20,-1.0,2.0,36.0,113735.0,Плачу на техно#bh#_#bh#Cream Soda
237,38,Perfect World,ROCKET,09/09/2020,125787,02/09/20 - 08/09/20,,1.0,38.0,,Perfect World#bh#_#bh#ROCKET
238,39,Honey's Kettle,kizaru,09/09/2020,124760,02/09/20 - 08/09/20,-1.0,2.0,38.0,-1629.0,Honey's Kettle#bh#_#bh#kizaru
239,40,Номера,LSP,09/09/2020,123353,02/09/20 - 08/09/20,-6.0,2.0,34.0,-5508.0,Номера#bh#_#bh#LSP
240,41,Всё в порядке,DK,09/09/2020,122960,02/09/20 - 08/09/20,-22.0,2.0,19.0,-54175.0,Всё в порядке#bh#_#bh#DK
241,42,10 негритят,LSP,09/09/2020,120837,02/09/20 - 08/09/20,,1.0,42.0,,10 негритят#bh#_#bh#LSP
242,43,Watermelon Sugar,Harry Styles,09/09/2020,119827,02/09/20 - 08/09/20,-6.0,2.0,37.0,-6619.0,Watermelon Sugar#bh#_#bh#Harry Styles
243,44,Антигерой,Mnogoznaal,09/09/2020,119619,02/09/20 - 08/09/20,-1.0,2.0,43.0,-229.0,Антигерой#bh#_#bh#Mnogoznaal
244,45,ДЕВОЧКА С КАРЕ,MUKKA,09/09/2020,119395,02/09/20 - 08/09/20,0.0,2.0,45.0,2157.0,ДЕВОЧКА С КАРЕ#bh#_#bh#MUKKA
245,46,ВТОРНИК,GONE.Fludd,09/09/2020,118339,02/09/20 - 08/09/20,-6.0,2.0,40.0,-4974.0,ВТОРНИК#bh#_#bh#GONE.Fludd
246,47,Kosandra,Miyagi & Andy Panda,09/09/2020,117322,02/09/20 - 08/09/20,-1.0,2.0,46.0,2506.0,Kosandra#bh#_#bh#Miyagi & Andy Panda
247,48,MONEY LONG,kizaru,09/09/2020,116778,02/09/20 - 08/09/20,-4.0,2.0,44.0,-2588.0,MONEY LONG#bh#_#bh#kizaru
248,49,Baby,ROCKET,09/09/2020,116669,02/09/20 - 08/09/20,,1.0,49.0,,Baby#bh#_#bh#ROCKET
249,50,Конфеты,Markul,09/09/2020,116588,02/09/20 - 08/09/20,-2.0,2.0,48.0,3224.0,Конфеты#bh#_#bh#Markul
250,51,Без ключа,PHARAOH,09/09/2020,115368,02/09/20 - 08/09/20,-1.0,2.0,50.0,3544.0,Без ключа#bh#_#bh#PHARAOH
251,52,A A A,ROCKET,09/09/2020,112573,02/09/20 - 08/09/20,,1.0,52.0,,A A A#bh#_#bh#ROCKET
252,53,ЮМОРИСТ - Original Motion Picture Soundtrack,FACE,09/09/2020,111186,02/09/20 - 08/09/20,-1.0,2.0,52.0,3087.0,ЮМОРИСТ - Original Motion Picture Soundtrack#bh#_#bh#FACE
253,54,Brooklyn,Miyagi & Andy Panda,09/09/2020,110411,02/09/20 - 08/09/20,2.0,2.0,54.0,4777.0,Brooklyn#bh#_#bh#Miyagi & Andy Panda
254,55,БЕГИ feat. Poët,DJ Smash,09/09/2020,107854,02/09/20 - 08/09/20,33.0,2.0,55.0,19102.0,БЕГИ feat. Poët#bh#_#bh#DJ Smash
255,56,Не Киряй,MUKKA,09/09/2020,107737,02/09/20 - 08/09/20,-1.0,2.0,55.0,1494.0,Не Киряй#bh#_#bh#MUKKA
256,57,Стресс,SALUKI,09/09/2020,106926,02/09/20 - 08/09/20,4.0,2.0,57.0,4973.0,Стресс#bh#_#bh#SALUKI
257,58,неболей,Basta,09/09/2020,105269,02/09/20 - 08/09/20,8.0,2.0,58.0,6532.0,неболей#bh#_#bh#Basta
258,59,Днями-ночами,Pyrokinesis,09/09/2020,104317,02/09/20 - 08/09/20,-1.0,2.0,58.0,93924.0,Днями-ночами#bh#_#bh#Pyrokinesis
259,60,911,Eldzhey,09/09/2020,103550,02/09/20 - 08/09/20,-13.0,2.0,47.0,-11187.0,911#bh#_#bh#Eldzhey
260,61,Инкассатор,ROCKET,09/09/2020,103353,02/09/20 - 08/09/20,17.0,2.0,61.0,11186.0,Инкассатор#bh#_#bh#ROCKET
261,62,Серпантин,Markul,09/09/2020,103117,02/09/20 - 08/09/20,3.0,2.0,62.0,3839.0,Серпантин#bh#_#bh#Markul
262,63,Цепи,Scriptonite,09/09/2020,103110,02/09/20 - 08/09/20,-4.0,2.0,59.0,92773.0,Цепи#bh#_#bh#Scriptonite
263,64,Midnight Sky,Miley Cyrus,09/09/2020,102585,02/09/20 - 08/09/20,-11.0,2.0,53.0,-4749.0,Midnight Sky#bh#_#bh#Miley Cyrus
264,65,Серпантин,ATL,09/09/2020,102284,02/09/20 - 08/09/20,-3.0,2.0,62.0,1546.0,Серпантин#bh#_#bh#ATL
265,66,РАТАТАТАТА,MORGENSHTERN,09/09/2020,98349,02/09/20 - 08/09/20,1.0,2.0,66.0,-196.0,РАТАТАТАТА#bh#_#bh#MORGENSHTERN
266,67,Новый Мерин,MORGENSHTERN,09/09/2020,97239,02/09/20 - 08/09/20,3.0,2.0,67.0,87512.0,Новый Мерин#bh#_#bh#MORGENSHTERN
267,68,Шантаж,Max Korzh,09/09/2020,96518,02/09/20 - 08/09/20,-8.0,2.0,60.0,-5453.0,Шантаж#bh#_#bh#Max Korzh
268,69,Увезите меня на Дип-хаус,GAYAZOV$ BROTHER$,09/09/2020,96055,02/09/20 - 08/09/20,16.0,2.0,69.0,6474.0,Увезите меня на Дип-хаус#bh#_#bh#GAYAZOV$ BROTHER$
269,70,Lifestyle,ROCKET,09/09/2020,95940,02/09/20 - 08/09/20,,1.0,70.0,,Lifestyle#bh#_#bh#ROCKET
270,71,Привычка,Scriptonite,09/09/2020,95591,02/09/20 - 08/09/20,4.0,2.0,71.0,988.0,Привычка#bh#_#bh#Scriptonite
271,72,Покинула чат,Klava Koka,09/09/2020,95533,02/09/20 - 08/09/20,-1.0,2.0,71.0,85861.0,Покинула чат#bh#_#bh#Klava Koka
272,73,Laugh Now Cry Later (feat. Lil Durk),Drake,09/09/2020,95524,02/09/20 - 08/09/20,-22.0,2.0,51.0,94420.0,Laugh Now Cry Later (feat. Lil Durk)#bh#_#bh#Drake
273,74,Breaking Me,Topic,09/09/2020,95041,02/09/20 - 08/09/20,-6.0,2.0,68.0,-3080.0,Breaking Me#bh#_#bh#Topic
274,75,Lovefool,twocolors,09/09/2020,94772,02/09/20 - 08/09/20,-18.0,2.0,57.0,-10449.0,Lovefool#bh#_#bh#twocolors
275,76,Мультибрендовый,Scriptonite,09/09/2020,94630,02/09/20 - 08/09/20,-3.0,2.0,73.0,-578.0,Мультибрендовый#bh#_#bh#Scriptonite
276,77,Любимка,NILETTO,09/09/2020,93224,02/09/20 - 08/09/20,5.0,2.0,77.0,3322.0,Любимка#bh#_#bh#NILETTO
277,78,Было или нет?,ANIKV,09/09/2020,93203,02/09/20 - 08/09/20,,1.0,78.0,,Было или нет?#bh#_#bh#ANIKV
278,79,Там ревели горы,Miyagi & Andy Panda,09/09/2020,92991,02/09/20 - 08/09/20,-5.0,2.0,74.0,-1838.0,Там ревели горы#bh#_#bh#Miyagi & Andy Panda
279,80,Utopia,Miyagi & Andy Panda,09/09/2020,92929,02/09/20 - 08/09/20,-8.0,2.0,72.0,-2312.0,Utopia#bh#_#bh#Miyagi & Andy Panda
280,81,Gimme The Loot,Big BaTape,09/09/2020,92740,02/09/20 - 08/09/20,-1.0,2.0,80.0,1412.0,Gimme The Loot#bh#_#bh#Big BaTape
281,82,Falling,Trevor Daniel,09/09/2020,92109,02/09/20 - 08/09/20,-13.0,2.0,69.0,-5217.0,Falling#bh#_#bh#Trevor Daniel
282,83,Танцы,ssshhhiiittt!,09/09/2020,91699,02/09/20 - 08/09/20,10.0,2.0,83.0,4962.0,Танцы#bh#_#bh#ssshhhiiittt!
283,84,Roses - Imanbek Remix,SAINt JHN,09/09/2020,90985,02/09/20 - 08/09/20,-20.0,2.0,64.0,-8413.0,Roses - Imanbek Remix#bh#_#bh#SAINt JHN
284,85,Кино,MACAN,09/09/2020,90014,02/09/20 - 08/09/20,1.0,2.0,85.0,950.0,Кино#bh#_#bh#MACAN
285,86,Гостиница Космос,Mnogoznaal,09/09/2020,89663,02/09/20 - 08/09/20,1.0,2.0,86.0,866.0,Гостиница Космос#bh#_#bh#Mnogoznaal
286,87,Малый повзрослел,Max Korzh,09/09/2020,89472,02/09/20 - 08/09/20,-4.0,2.0,83.0,-225.0,Малый повзрослел#bh#_#bh#Max Korzh
287,88,Lollipop,Gafur,09/09/2020,89383,02/09/20 - 08/09/20,13.0,2.0,88.0,5309.0,Lollipop#bh#_#bh#Gafur
288,89,"Left, Right",ROCKET,09/09/2020,88883,02/09/20 - 08/09/20,,1.0,89.0,,"Left, Right#bh#_#bh#ROCKET"
289,90,Ананасовый сироп,Natan,09/09/2020,88731,02/09/20 - 08/09/20,1.0,2.0,90.0,80006.0,Ананасовый сироп#bh#_#bh#Natan
290,91,Smile (with The Weeknd),Juice WRLD,09/09/2020,88521,02/09/20 - 08/09/20,-37.0,2.0,54.0,-18004.0,Smile (with The Weeknd)#bh#_#bh#Juice WRLD
291,92,Kings & Queens,Ava Max,09/09/2020,86741,02/09/20 - 08/09/20,-8.0,2.0,84.0,-2916.0,Kings & Queens#bh#_#bh#Ava Max
292,93,Ураган (feat. V $ X V PRiNCE),GUF,09/09/2020,86587,02/09/20 - 08/09/20,6.0,2.0,93.0,2115.0,Ураган (feat. V $ X V PRiNCE)#bh#_#bh#GUF
293,94,Надежда,FACE,09/09/2020,85941,02/09/20 - 08/09/20,2.0,2.0,94.0,-247.0,Надежда#bh#_#bh#FACE
294,95,77,MACAN,09/09/2020,84520,02/09/20 - 08/09/20,10.0,2.0,95.0,3935.0,77#bh#_#bh#MACAN
295,96,Между Нами,LIZER,09/09/2020,83198,02/09/20 - 08/09/20,-2.0,2.0,94.0,-3449.0,Между Нами#bh#_#bh#LIZER
296,97,HIGHEST IN THE ROOM,Travis Scott,09/09/2020,83164,02/09/20 - 08/09/20,5.0,2.0,97.0,-559.0,HIGHEST IN THE ROOM#bh#_#bh#Travis Scott
297,98,Бандана,Платина,09/09/2020,82857,02/09/20 - 08/09/20,8.0,2.0,98.0,2518.0,Бандана#bh#_#bh#Платина
298,99,Грустная Песня (feat. Егор Крид & MORGENSHTERN),THRILL PILL,09/09/2020,82420,02/09/20 - 08/09/20,-1.0,2.0,98.0,-2211.0,Грустная Песня (feat. Егор Крид & MORGENSHTERN)#bh#_#bh#THRILL PILL
299,100,Танцуйте,ATL,09/09/2020,82341,02/09/20 - 08/09/20,-3.0,2.0,97.0,-2322.0,Танцуйте#bh#_#bh#ATL
300,101,Toosie Slide,Drake,09/09/2020,82023,02/09/20 - 08/09/20,-24.0,2.0,77.0,-11011.0,Toosie Slide#bh#_#bh#Drake
301,102,Малолетка,Max Korzh,09/09/2020,81813,02/09/20 - 08/09/20,1.0,2.0,102.0,-1666.0,Малолетка#bh#_#bh#Max Korzh
302,103,August,Intelligency,09/09/2020,81654,02/09/20 - 08/09/20,-13.0,2.0,90.0,-6239.0,August#bh#_#bh#Intelligency
303,104,Кукла колдуна,Korol i Shut,09/09/2020,81335,02/09/20 - 08/09/20,21.0,2.0,104.0,5826.0,Кукла колдуна#bh#_#bh#Korol i Shut
304,105,27,FEDUK,09/09/2020,81262,02/09/20 - 08/09/20,8.0,2.0,105.0,2410.0,27#bh#_#bh#FEDUK
305,106,B.I.D,Markul,09/09/2020,80162,02/09/20 - 08/09/20,3.0,2.0,106.0,643.0,B.I.D#bh#_#bh#Markul
306,107,Рашан моуст уонтэд,kizaru,09/09/2020,79599,02/09/20 - 08/09/20,5.0,2.0,107.0,540.0,Рашан моуст уонтэд#bh#_#bh#kizaru
307,108,Over Now (with The Weeknd),Calvin Harris,09/09/2020,79129,02/09/20 - 08/09/20,,1.0,108.0,,Over Now (with The Weeknd)#bh#_#bh#Calvin Harris
308,109,Star Shopping,Lil Peep,09/09/2020,78878,02/09/20 - 08/09/20,9.0,2.0,109.0,794.0,Star Shopping#bh#_#bh#Lil Peep
309,110,Infinite Tsukuyomi,ROCKET,09/09/2020,78778,02/09/20 - 08/09/20,54.0,2.0,110.0,12081.0,Infinite Tsukuyomi#bh#_#bh#ROCKET
310,111,Fly 2,Zivert,09/09/2020,78769,02/09/20 - 08/09/20,-4.0,2.0,107.0,-1457.0,Fly 2#bh#_#bh#Zivert
311,112,Balenciaga,FILV,09/09/2020,77445,02/09/20 - 08/09/20,36.0,2.0,112.0,6878.0,Balenciaga#bh#_#bh#FILV
312,113,Марабу,ATL,09/09/2020,77350,02/09/20 - 08/09/20,9.0,2.0,113.0,843.0,Марабу#bh#_#bh#ATL
313,114,НЕ ЖАЛЬ,104,09/09/2020,77281,02/09/20 - 08/09/20,6.0,2.0,114.0,340.0,НЕ ЖАЛЬ#bh#_#bh#104
314,115,Мне пох,Klava Koka,09/09/2020,76923,02/09/20 - 08/09/20,8.0,2.0,115.0,1021.0,Мне пох#bh#_#bh#Klava Koka
315,116,"WHATS POPPIN (feat. DaBaby, Tory Lanez & Lil Wayne) - Remix",Jack Harlow,09/09/2020,76706,02/09/20 - 08/09/20,-2.0,2.0,114.0,-2086.0,"WHATS POPPIN (feat. DaBaby, Tory Lanez & Lil Wayne) - Remix#bh#_#bh#Jack Harlow"
316,117,Boom Boom,LOBODA,09/09/2020,76221,02/09/20 - 08/09/20,20.0,2.0,117.0,3199.0,Boom Boom#bh#_#bh#LOBODA
317,118,Нон стоп,Poshlaja Molli,09/09/2020,75982,02/09/20 - 08/09/20,-8.0,2.0,110.0,-3396.0,Нон стоп#bh#_#bh#Poshlaja Molli
318,119,ON,BTS,09/09/2020,75937,02/09/20 - 08/09/20,-90.0,2.0,29.0,62139.0,ON#bh#_#bh#BTS
319,120,SICKO MODE,Travis Scott,09/09/2020,75874,02/09/20 - 08/09/20,-4.0,2.0,116.0,-2571.0,SICKO MODE#bh#_#bh#Travis Scott
320,121,Это любовь,Scriptonite,09/09/2020,75811,02/09/20 - 08/09/20,-6.0,2.0,115.0,-2787.0,Это любовь#bh#_#bh#Scriptonite
321,122,Ты беспощадна,JONY,09/09/2020,75786,02/09/20 - 08/09/20,-27.0,2.0,95.0,-10757.0,Ты беспощадна#bh#_#bh#JONY
322,123,THE SCOTTS,THE SCOTTS,09/09/2020,75231,02/09/20 - 08/09/20,-15.0,2.0,108.0,-4570.0,THE SCOTTS#bh#_#bh#THE SCOTTS
323,124,ODIUM,LXST CXNTURY,09/09/2020,74805,02/09/20 - 08/09/20,39.0,2.0,124.0,7998.0,ODIUM#bh#_#bh#LXST CXNTURY
324,125,X2 - Prod. Gredy,Boulevard Depo,09/09/2020,74630,02/09/20 - 08/09/20,1.0,2.0,125.0,73877.0,X2 - Prod. Gredy#bh#_#bh#Boulevard Depo
325,126,Such a Whore (Stellular Remix),Jvla,09/09/2020,74166,02/09/20 - 08/09/20,-9.0,2.0,117.0,-3935.0,Such a Whore (Stellular Remix)#bh#_#bh#Jvla
326,127,Phantom,Markul,09/09/2020,73992,02/09/20 - 08/09/20,14.0,2.0,127.0,2208.0,Phantom#bh#_#bh#Markul
327,128,Не по пути,PHARAOH,09/09/2020,73093,02/09/20 - 08/09/20,-9.0,2.0,119.0,65295.0,Не по пути#bh#_#bh#PHARAOH
328,129,Пачка сигарет,LIZER,09/09/2020,73046,02/09/20 - 08/09/20,0.0,2.0,129.0,-1430.0,Пачка сигарет#bh#_#bh#LIZER
329,130,Мишка (feat. KATERINA),Poshlaja Molli,09/09/2020,72986,02/09/20 - 08/09/20,-9.0,2.0,121.0,-3671.0,Мишка (feat. KATERINA)#bh#_#bh#Poshlaja Molli
330,131,EMPIRE,WENGIE,09/09/2020,72013,02/09/20 - 08/09/20,29.0,2.0,131.0,4334.0,EMPIRE#bh#_#bh#WENGIE
331,132,СМУЗИ,The Limba,09/09/2020,71802,02/09/20 - 08/09/20,2.0,2.0,132.0,-1762.0,СМУЗИ#bh#_#bh#The Limba
332,133,Малиновый закат,Max Korzh,09/09/2020,71632,02/09/20 - 08/09/20,-6.0,2.0,127.0,-3315.0,Малиновый закат#bh#_#bh#Max Korzh
333,134,goosebumps,Travis Scott,09/09/2020,71458,02/09/20 - 08/09/20,1.0,2.0,134.0,-1924.0,goosebumps#bh#_#bh#Travis Scott
334,135,СПАСАТЕЛЬНЫЙ КРУГ,FACE,09/09/2020,71411,02/09/20 - 08/09/20,-4.0,2.0,131.0,-2673.0,СПАСАТЕЛЬНЫЙ КРУГ#bh#_#bh#FACE
335,136,Таблетка,Dzharo & Khanza,09/09/2020,71148,02/09/20 - 08/09/20,2.0,2.0,136.0,-1285.0,Таблетка#bh#_#bh#Dzharo & Khanza
336,137,Daechwita,Agust D,09/09/2020,70790,02/09/20 - 08/09/20,-58.0,2.0,79.0,-21369.0,Daechwita#bh#_#bh#Agust D
337,138,Air Force 1,lil krystalll,09/09/2020,70637,02/09/20 - 08/09/20,5.0,2.0,138.0,-944.0,Air Force 1#bh#_#bh#lil krystalll
338,139,Полковнику никто не пишет,Bi-2,09/09/2020,70564,02/09/20 - 08/09/20,26.0,2.0,139.0,4102.0,Полковнику никто не пишет#bh#_#bh#Bi-2
339,140,Горы по колено,Max Korzh,09/09/2020,70211,02/09/20 - 08/09/20,0.0,2.0,140.0,-1660.0,Горы по колено#bh#_#bh#Max Korzh
340,141,Yung Hefner,MORGENSHTERN,09/09/2020,69898,02/09/20 - 08/09/20,14.0,2.0,141.0,576.0,Yung Hefner#bh#_#bh#MORGENSHTERN
341,142,ВКУС ЯДА (feat. IROH),GONE.Fludd,09/09/2020,69845,02/09/20 - 08/09/20,-10.0,2.0,132.0,-4153.0,ВКУС ЯДА (feat. IROH)#bh#_#bh#GONE.Fludd
342,143,Hokage,Big BaTape,09/09/2020,69796,02/09/20 - 08/09/20,-4.0,2.0,139.0,-2292.0,Hokage#bh#_#bh#Big BaTape
343,144,Где нас нет,Oxxxymiron,09/09/2020,69633,02/09/20 - 08/09/20,12.0,2.0,144.0,509.0,Где нас нет#bh#_#bh#Oxxxymiron
344,145,что для тебя красота,maslo chernogo tmina,09/09/2020,69630,02/09/20 - 08/09/20,14.0,2.0,145.0,1737.0,что для тебя красота#bh#_#bh#maslo chernogo tmina
345,146,Mood (feat. Iann Dior),24kGoldn,09/09/2020,69619,02/09/20 - 08/09/20,,1.0,146.0,,Mood (feat. Iann Dior)#bh#_#bh#24kGoldn
346,147,Ламбада,T-Fest,09/09/2020,69015,02/09/20 - 08/09/20,-3.0,2.0,144.0,-1999.0,Ламбада#bh#_#bh#T-Fest
347,148,Евгений Онегин,kizaru,09/09/2020,68971,02/09/20 - 08/09/20,9.0,2.0,148.0,193.0,Евгений Онегин#bh#_#bh#kizaru
348,149,XXX,Yanix,09/09/2020,68676,02/09/20 - 08/09/20,-86.0,2.0,63.0,-31546.0,XXX#bh#_#bh#Yanix
349,150,Boy With Luv (feat. Halsey),BTS,09/09/2020,68673,02/09/20 - 08/09/20,-101.0,2.0,49.0,-43286.0,Boy With Luv (feat. Halsey)#bh#_#bh#BTS
350,151,ЯТЛ,Zivert,09/09/2020,68566,02/09/20 - 08/09/20,-2.0,2.0,149.0,-1979.0,ЯТЛ#bh#_#bh#Zivert
351,152,Fata Morgana,Markul,09/09/2020,68296,02/09/20 - 08/09/20,21.0,2.0,152.0,2992.0,Fata Morgana#bh#_#bh#Markul
352,153,Ахегао,MAYBE BABY,09/09/2020,68007,02/09/20 - 08/09/20,-23.0,2.0,130.0,-6139.0,Ахегао#bh#_#bh#MAYBE BABY
353,154,"Lemonade (feat. Gunna, Don Toliver & NAV)",Internet Money,09/09/2020,67744,02/09/20 - 08/09/20,,1.0,154.0,,"Lemonade (feat. Gunna, Don Toliver & NAV)#bh#_#bh#Internet Money"
354,155,Surname (Prod. DJ Tape & Aarne),Big BaTape,09/09/2020,67289,02/09/20 - 08/09/20,-13.0,2.0,142.0,-4376.0,Surname (Prod. DJ Tape & Aarne)#bh#_#bh#Big BaTape
355,156,Not Shy,ITZY,09/09/2020,67256,02/09/20 - 08/09/20,-52.0,2.0,104.0,-14249.0,Not Shy#bh#_#bh#ITZY
356,157,Drive Home,ROCKET,09/09/2020,67016,02/09/20 - 08/09/20,,1.0,157.0,,Drive Home#bh#_#bh#ROCKET
357,158,EMPIRE - English Version,WENGIE,09/09/2020,66513,02/09/20 - 08/09/20,9.0,2.0,158.0,340.0,EMPIRE - English Version#bh#_#bh#WENGIE
358,159,3x3,Gruppa Skryptonite,09/09/2020,66443,02/09/20 - 08/09/20,16.0,2.0,159.0,1876.0,3x3#bh#_#bh#Gruppa Skryptonite
359,160,Come & Go (with Marshmello),Juice WRLD,09/09/2020,66359,02/09/20 - 08/09/20,-32.0,2.0,128.0,-8407.0,Come & Go (with Marshmello)#bh#_#bh#Juice WRLD
360,161,Комета,JONY,09/09/2020,66337,02/09/20 - 08/09/20,0.0,2.0,161.0,-1154.0,Комета#bh#_#bh#JONY
361,162,EMPIRE - Instrumental,WENGIE,09/09/2020,66291,02/09/20 - 08/09/20,10.0,2.0,162.0,613.0,EMPIRE - Instrumental#bh#_#bh#WENGIE
362,163,The Box,Roddy Ricch,09/09/2020,66197,02/09/20 - 08/09/20,-9.0,2.0,154.0,-3357.0,The Box#bh#_#bh#Roddy Ricch
363,164,EMPIRE - Korean Version,WENGIE,09/09/2020,66133,02/09/20 - 08/09/20,7.0,2.0,164.0,378.0,EMPIRE - Korean Version#bh#_#bh#WENGIE
364,165,"Бэнтли, Бенз и Бумер",Платина,09/09/2020,65859,02/09/20 - 08/09/20,1.0,2.0,165.0,-578.0,"Бэнтли, Бенз и Бумер#bh#_#bh#Платина"
365,166,Девочка танцуй,Artik & Asti,09/09/2020,65825,02/09/20 - 08/09/20,27.0,2.0,166.0,4402.0,Девочка танцуй#bh#_#bh#Artik & Asti
366,167,МАЛЬЧИК,ФОГЕЛЬ,09/09/2020,65547,02/09/20 - 08/09/20,,1.0,167.0,,МАЛЬЧИК#bh#_#bh#ФОГЕЛЬ
367,168,Black Swan,BTS,09/09/2020,65444,02/09/20 - 08/09/20,-127.0,2.0,41.0,-55467.0,Black Swan#bh#_#bh#BTS
368,169,Blueberry Faygo,Lil Mosey,09/09/2020,65438,02/09/20 - 08/09/20,-24.0,2.0,145.0,-5496.0,Blueberry Faygo#bh#_#bh#Lil Mosey
369,170,I Got Love,MiyaGi & Endspiel,09/09/2020,65286,02/09/20 - 08/09/20,7.0,2.0,170.0,1048.0,I Got Love#bh#_#bh#MiyaGi & Endspiel
370,171,Монетка,LSP,09/09/2020,65286,02/09/20 - 08/09/20,-24.0,2.0,147.0,-5477.0,Монетка#bh#_#bh#LSP
371,172,KONSTRUKT,PORCHY,09/09/2020,65268,02/09/20 - 08/09/20,-2.0,2.0,170.0,-779.0,KONSTRUKT#bh#_#bh#PORCHY
372,173,А если это любовь?,HammAli & Navai,09/09/2020,65161,02/09/20 - 08/09/20,1.0,2.0,173.0,-21.0,А если это любовь?#bh#_#bh#HammAli & Navai
373,174,Break My Heart,Dua Lipa,09/09/2020,65069,02/09/20 - 08/09/20,-23.0,2.0,151.0,-4726.0,Break My Heart#bh#_#bh#Dua Lipa
374,175,Savage Love (Laxed - Siren Beat),Jawsh 685,09/09/2020,64804,02/09/20 - 08/09/20,-29.0,2.0,146.0,-6021.0,Savage Love (Laxed - Siren Beat)#bh#_#bh#Jawsh 685
375,176,МОЙ КАЛАШНИКОВ,FACE,09/09/2020,64658,02/09/20 - 08/09/20,-40.0,2.0,136.0,-8707.0,МОЙ КАЛАШНИКОВ#bh#_#bh#FACE
376,177,God’s Menu,Stray Kids,09/09/2020,64529,02/09/20 - 08/09/20,5.0,2.0,177.0,1370.0,God’s Menu#bh#_#bh#Stray Kids
377,178,NBA (Не мешай),RSAC,09/09/2020,64481,02/09/20 - 08/09/20,-54.0,2.0,124.0,-11053.0,NBA (Не мешай)#bh#_#bh#RSAC
378,179,Животные,Scriptonite,09/09/2020,64467,02/09/20 - 08/09/20,1.0,2.0,179.0,1059.0,Животные#bh#_#bh#Scriptonite
379,180,Двигаться,Raim,09/09/2020,64314,02/09/20 - 08/09/20,12.0,2.0,180.0,2873.0,Двигаться#bh#_#bh#Raim
380,181,На своём вайбе (feat. Гуф),Jah Khalib,09/09/2020,64062,02/09/20 - 08/09/20,-2.0,2.0,179.0,237.0,На своём вайбе (feat. Гуф)#bh#_#bh#Jah Khalib
381,182,ВЕСНУШКИ,Tima Belorusskih,09/09/2020,63360,02/09/20 - 08/09/20,-4.0,2.0,178.0,-704.0,ВЕСНУШКИ#bh#_#bh#Tima Belorusskih
382,183,Девочка в классе,Dzhizus,09/09/2020,63153,02/09/20 - 08/09/20,-25.0,2.0,158.0,-4801.0,Девочка в классе#bh#_#bh#Dzhizus
383,184,Россия для грустных,Pornofilmy,09/09/2020,63132,02/09/20 - 08/09/20,4.0,2.0,184.0,1067.0,Россия для грустных#bh#_#bh#Pornofilmy
384,185,Худший друг,Markul,09/09/2020,62829,02/09/20 - 08/09/20,-17.0,2.0,168.0,-3239.0,Худший друг#bh#_#bh#Markul
385,186,Мы открываем бизнес (Skit),SHOOVAL,09/09/2020,62527,02/09/20 - 08/09/20,11.0,2.0,186.0,1655.0,Мы открываем бизнес (Skit)#bh#_#bh#SHOOVAL
386,187,Диибо,OG Buda,09/09/2020,62429,02/09/20 - 08/09/20,-37.0,2.0,150.0,-7739.0,Диибо#bh#_#bh#OG Buda
387,188,Остров,МЫ,09/09/2020,62224,02/09/20 - 08/09/20,8.0,2.0,188.0,1153.0,Остров#bh#_#bh#МЫ
388,189,Ау,10AGE,09/09/2020,62045,02/09/20 - 08/09/20,,1.0,189.0,,Ау#bh#_#bh#10AGE
389,190,For The Night (feat. Lil Baby & DaBaby),Pop Smoke,09/09/2020,61942,02/09/20 - 08/09/20,,1.0,190.0,,For The Night (feat. Lil Baby & DaBaby)#bh#_#bh#Pop Smoke
390,191,Французский поцелуй,Misha Marvin,09/09/2020,61838,02/09/20 - 08/09/20,-8.0,2.0,183.0,-1231.0,Французский поцелуй#bh#_#bh#Misha Marvin
391,192,Девочка с картинки,Egor Kreed,09/09/2020,61745,02/09/20 - 08/09/20,,1.0,192.0,,Девочка с картинки#bh#_#bh#Egor Kreed
392,193,2 минуты,Markul,09/09/2020,61708,02/09/20 - 08/09/20,-41.0,2.0,152.0,-8009.0,2 минуты#bh#_#bh#Markul
393,194,Say No Mo,kizaru,09/09/2020,61577,02/09/20 - 08/09/20,5.0,2.0,194.0,983.0,Say No Mo#bh#_#bh#kizaru
394,195,Хочу перемен,Kino,09/09/2020,61495,02/09/20 - 08/09/20,-6.0,2.0,189.0,-501.0,Хочу перемен#bh#_#bh#Kino
395,196,Money long,kizaru,09/09/2020,61401,02/09/20 - 08/09/20,-43.0,2.0,153.0,54439.0,Money long#bh#_#bh#kizaru
396,197,Веселей,Scriptonite,09/09/2020,61226,02/09/20 - 08/09/20,-2.0,2.0,195.0,132.0,Веселей#bh#_#bh#Scriptonite
397,198,Разнесем,Max Korzh,09/09/2020,61084,02/09/20 - 08/09/20,-17.0,2.0,181.0,-2143.0,Разнесем#bh#_#bh#Max Korzh
398,199,THREESHA (feat. FEDUK),Telly Grave,09/09/2020,61021,02/09/20 - 08/09/20,,1.0,199.0,,THREESHA (feat. FEDUK)#bh#_#bh#Telly Grave
399,200,Ты пари,JONY,09/09/2020,60954,02/09/20 - 08/09/20,-108.0,2.0,92.0,-25790.0,Ты пари#bh#_#bh#JONY
0,1,Lollipop,Eldzhey,11/09/2020,473495,04/09/20 - 10/09/20,,1,1,473495,
1,2,ERRDAY,Big BaTape,11/09/2020,464433,04/09/20 - 10/09/20,,1,2,464433,
2,3,Coco L'Eau,Egor Kreed,11/09/2020,383380,04/09/20 - 10/09/20,,1,3,383380,
3,4,Dynamite,BTS,11/09/2020,340734,04/09/20 - 10/09/20,-3,3,1,-75612,
4,5,Дежавю,kizaru,11/09/2020,331865,04/09/20 - 10/09/20,-3,3,2,20454,
5,6,WAP (feat. Megan Thee Stallion),Cardi B,11/09/2020,318832,04/09/20 - 10/09/20,-2,3,4,40578,
6,7,Cadillac,MORGENSHTERN,11/09/2020,275541,04/09/20 - 10/09/20,-4,3,3,-9067,
7,8,Меня не будет,ANIKV,11/09/2020,265262,04/09/20 - 10/09/20,-2,3,6,14636,
8,9,Москва любит...,Scriptonite,11/09/2020,251835,04/09/20 - 10/09/20,3,3,9,26565,
9,10,Blinding Lights,The Weeknd,11/09/2020,248415,04/09/20 - 10/09/20,-2,3,5,539,
10,11,Fendi,Rakhim,11/09/2020,247872,04/09/20 - 10/09/20,-4,3,4,-2656,
11,12,X.O,The Limba,11/09/2020,239028,04/09/20 - 10/09/20,-3,3,9,2697,
12,13,Friendly Fire - Prod. Avepack,Boulevard Depo,11/09/2020,238129,04/09/20 - 10/09/20,-3,3,9,7598,
13,14,Юность,Dabro,11/09/2020,238129,04/09/20 - 10/09/20,-3,3,11,11011,
14,15,Втюрилась,дора,11/09/2020,232801,04/09/20 - 10/09/20,5,2,15,50074,
15,16,Minor,Miyagi & Andy Panda,11/09/2020,226893,04/09/20 - 10/09/20,-2,3,12,10563,
16,17,Колхозник,Mnogoznaal,11/09/2020,225226,04/09/20 - 10/09/20,-2,3,13,14101,
17,18,Поболело и прошло,HENSY,11/09/2020,220323,04/09/20 - 10/09/20,-5,3,13,2053,
18,19,Сияй,Ramil',11/09/2020,213468,04/09/20 - 10/09/20,-3,3,16,4906,
19,20,Ice Cream (with Selena Gomez),BLACKPINK,11/09/2020,200717,04/09/20 - 10/09/20,-15,2,5,-66102,
20,21,ICE (feat. MORGENSHTERN),MORGENSHTERN,11/09/2020,183323,04/09/20 - 10/09/20,-4,3,8,-19276,
21,22,Краш,Klava Koka,11/09/2020,176386,04/09/20 - 10/09/20,-1,3,20,4147,
22,23,Если тебе будет грустно,Rauf & Faik,11/09/2020,175471,04/09/20 - 10/09/20,,1,23,175471,
23,24,БЕГИ feat. Poët,DJ Smash,11/09/2020,171868,04/09/20 - 10/09/20,31,3,24,64014,
24,25,Тепло,Max Korzh,11/09/2020,171194,04/09/20 - 10/09/20,-7,3,16,-12303,
25,26,Положение,Scriptonite,11/09/2020,168947,04/09/20 - 10/09/20,-3,3,23,5728,
26,27,Аферист,Husky,11/09/2020,168541,04/09/20 - 10/09/20,,1,27,168541,
27,28,Забил,ATL,11/09/2020,166047,04/09/20 - 10/09/20,-9,3,18,-16747,
28,29,Narcos,kizaru,11/09/2020,159183,04/09/20 - 10/09/20,-5,3,21,-2509,
29,30,Вали,Канги,11/09/2020,156128,04/09/20 - 10/09/20,-3,3,27,9,
30,31,2 типа людей,Max Korzh,11/09/2020,155996,04/09/20 - 10/09/20,-6,3,22,-3357,
31,32,Trap Luv,Big BaTape,11/09/2020,151522,04/09/20 - 10/09/20,-4,3,24,3072,
32,33,Проснулся В Темноте,GONE.Fludd,11/09/2020,139260,04/09/20 - 10/09/20,0,3,28,5829,
33,34,Дорадура,дора,11/09/2020,137815,04/09/20 - 10/09/20,-3,3,31,3812,
34,35,молчи,кис-кис,11/09/2020,135344,04/09/20 - 10/09/20,-1,3,34,3373,
35,36,How You Like That,BLACKPINK,11/09/2020,133139,04/09/20 - 10/09/20,-10,3,25,-25042,
36,37,Honey's Kettle,kizaru,11/09/2020,130468,04/09/20 - 10/09/20,2,3,37,5708,
37,38,Angry toy$ - Prod. Ray Qwa,Boulevard Depo,11/09/2020,130285,04/09/20 - 10/09/20,-3,3,32,2209,
38,39,ROCKSTAR (feat. Roddy Ricch),DaBaby,11/09/2020,128445,04/09/20 - 10/09/20,-9,3,27,-6539,
39,40,Obey (with YUNGBLUD),Bring Me The Horizon,11/09/2020,128412,04/09/20 - 10/09/20,,1,40,128412,
40,41,Номера,LSP,11/09/2020,127827,04/09/20 - 10/09/20,-1,3,34,4474,
41,42,ДЕВОЧКА С КАРЕ,MUKKA,11/09/2020,125022,04/09/20 - 10/09/20,3,3,42,5627,
42,43,Yamakasi,Miyagi & Andy Panda,11/09/2020,124727,04/09/20 - 10/09/20,-11,3,30,-9093,
43,44,Kosandra,Miyagi & Andy Panda,11/09/2020,123306,04/09/20 - 10/09/20,3,3,44,5984,
44,45,ВТОРНИК,GONE.Fludd,11/09/2020,122610,04/09/20 - 10/09/20,1,3,40,4271,
45,46,Конфеты,Markul,11/09/2020,122503,04/09/20 - 10/09/20,4,3,46,5915,
46,47,Без ключа,PHARAOH,11/09/2020,120893,04/09/20 - 10/09/20,4,3,47,5525,
47,48,Плачу на техно,Cream Soda,11/09/2020,119396,04/09/20 - 10/09/20,-11,3,36,-7162,
48,49,MONEY LONG,kizaru,11/09/2020,118674,04/09/20 - 10/09/20,-1,3,44,1896,
49,50,неболей,Basta,11/09/2020,118112,04/09/20 - 10/09/20,8,3,50,12843,
50,51,Watermelon Sugar,Harry Styles,11/09/2020,117477,04/09/20 - 10/09/20,-8,3,37,-2350,
51,52,Антигерой,Mnogoznaal,11/09/2020,117302,04/09/20 - 10/09/20,-8,3,43,-2317,
52,53,Времена,Max Korzh,11/09/2020,115554,04/09/20 - 10/09/20,-17,3,26,-11029,
53,54,Mood (feat. Iann Dior),24kGoldn,11/09/2020,111196,04/09/20 - 10/09/20,92,2,54,41577,
54,55,Brooklyn,Miyagi & Andy Panda,11/09/2020,110747,04/09/20 - 10/09/20,-1,3,54,336,
55,56,Стресс,SALUKI,11/09/2020,109424,04/09/20 - 10/09/20,1,3,56,2498,
56,57,Не Киряй,MUKKA,11/09/2020,108607,04/09/20 - 10/09/20,-1,3,55,870,
57,58,Всё в порядке,DK,11/09/2020,106796,04/09/20 - 10/09/20,-17,3,19,-16164,
58,59,Днями-ночами,Pyrokinesis,11/09/2020,106725,04/09/20 - 10/09/20,0,3,58,2408,
59,60,Инкассатор,ROCKET,11/09/2020,106616,04/09/20 - 10/09/20,1,3,60,3263,
60,61,Дерзко,Truwer,11/09/2020,105269,04/09/20 - 10/09/20,,1,61,105269,
61,62,Серпантин,Markul,11/09/2020,104183,04/09/20 - 10/09/20,0,3,62,1066,
62,63,Цепи,Scriptonite,11/09/2020,103395,04/09/20 - 10/09/20,0,3,59,285,
63,64,Серпантин,ATL,11/09/2020,103350,04/09/20 - 10/09/20,1,3,62,1066,
64,65,THE BADDEST,K/DA,11/09/2020,102861,04/09/20 - 10/09/20,-43,2,22,-62115,
65,66,ЮМОРИСТ - Original Motion Picture Soundtrack,FACE,11/09/2020,101630,04/09/20 - 10/09/20,-13,3,52,-9556,
66,67,Привычка,Scriptonite,11/09/2020,99937,04/09/20 - 10/09/20,4,3,67,4346,
67,68,Lovefool,twocolors,11/09/2020,99592,04/09/20 - 10/09/20,7,3,57,4820,
68,69,Мультибрендовый,Scriptonite,11/09/2020,98973,04/09/20 - 10/09/20,7,3,69,4343,
69,70,Танцы,ssshhhiiittt!,11/09/2020,98883,04/09/20 - 10/09/20,13,3,70,7184,
70,71,Midnight Sky,Miley Cyrus,11/09/2020,98618,04/09/20 - 10/09/20,-7,3,53,-3967,
71,72,Gimme The Loot,Big BaTape,11/09/2020,97604,04/09/20 - 10/09/20,9,3,72,4864,
72,73,911,Eldzhey,11/09/2020,96323,04/09/20 - 10/09/20,-13,3,47,-7227,
73,74,Breaking Me,Topic,11/09/2020,95819,04/09/20 - 10/09/20,0,3,68,778,
74,75,She Wants,ROCKET,11/09/2020,94987,04/09/20 - 10/09/20,-46,2,29,-45974,
75,76,Ураган (feat. V $ X V PRiNCE),GUF,11/09/2020,94968,04/09/20 - 10/09/20,17,3,76,8381,
76,77,Falling,Trevor Daniel,11/09/2020,94683,04/09/20 - 10/09/20,5,3,69,2574,
77,78,Покинула чат,Klava Koka,11/09/2020,94581,04/09/20 - 10/09/20,-6,3,71,-952,
78,79,Новый Мерин,MORGENSHTERN,11/09/2020,94381,04/09/20 - 10/09/20,-12,3,67,-2858,
79,80,РАТАТАТАТА,MORGENSHTERN,11/09/2020,94367,04/09/20 - 10/09/20,-14,3,66,-3982,
80,81,Любимка,NILETTO,11/09/2020,93341,04/09/20 - 10/09/20,-4,3,77,117,
81,82,Увезите меня на Дип-хаус,GAYAZOV$ BROTHER$,11/09/2020,93338,04/09/20 - 10/09/20,-13,3,69,-2717,
82,83,Кино,MACAN,11/09/2020,91220,04/09/20 - 10/09/20,2,3,83,1206,
83,84,Kings & Queens,Ava Max,11/09/2020,89757,04/09/20 - 10/09/20,8,3,84,3016,
84,85,Utopia,Miyagi & Andy Panda,11/09/2020,89373,04/09/20 - 10/09/20,-5,3,72,-3556,
85,86,Ананасовый сироп,Natan,11/09/2020,89217,04/09/20 - 10/09/20,4,3,86,486,
86,87,Шантаж,Max Korzh,11/09/2020,89182,04/09/20 - 10/09/20,-19,3,60,-7336,
87,88,Там ревели горы,Miyagi & Andy Panda,11/09/2020,88469,04/09/20 - 10/09/20,-9,3,74,-4522,
88,89,В последний раз,Tima Belorusskih,11/09/2020,88025,04/09/20 - 10/09/20,,1,89,88025,
89,90,77,MACAN,11/09/2020,87659,04/09/20 - 10/09/20,5,3,90,3139,
90,91,Гостиница Космос,Mnogoznaal,11/09/2020,87493,04/09/20 - 10/09/20,-5,3,86,-2170,
91,92,Кукла колдуна,Korol i Shut,11/09/2020,87356,04/09/20 - 10/09/20,12,3,92,6021,
92,93,Roses - Imanbek Remix,SAINt JHN,11/09/2020,86998,04/09/20 - 10/09/20,-9,3,64,-3987,
93,94,Надежда,FACE,11/09/2020,86751,04/09/20 - 10/09/20,0,3,94,810,
94,95,Lollipop,Gafur,11/09/2020,86283,04/09/20 - 10/09/20,-7,3,88,-3100,
95,96,Окей,Tima Belorusskih,11/09/2020,85675,04/09/20 - 10/09/20,,1,96,85675,
96,97,Бандана,Платина,11/09/2020,85211,04/09/20 - 10/09/20,1,3,97,2354,
97,98,B.I.D,Markul,11/09/2020,84570,04/09/20 - 10/09/20,8,3,98,4408,
98,99,10 негритят,LSP,11/09/2020,84471,04/09/20 - 10/09/20,-57,2,42,-36366,
99,100,Между Нами,LIZER,11/09/2020,84236,04/09/20 - 10/09/20,-4,3,94,1038,
100,101,Танцуйте,ATL,11/09/2020,84221,04/09/20 - 10/09/20,-1,3,97,1880,
101,102,Рашан моуст уонтэд,kizaru,11/09/2020,83789,04/09/20 - 10/09/20,5,3,102,4190,
102,103,Малый повзрослел,Max Korzh,11/09/2020,83718,04/09/20 - 10/09/20,-16,3,83,-5754,
103,104,Laugh Now Cry Later (feat. Lil Durk),Drake,11/09/2020,83631,04/09/20 - 10/09/20,-31,3,51,-11893,
104,105,В Потолок (feat. Boulevard Depo),KURT92,11/09/2020,83525,04/09/20 - 10/09/20,,1,105,83525,
105,106,Star Shopping,Lil Peep,11/09/2020,83252,04/09/20 - 10/09/20,3,3,106,4374,
106,107,Лига легенд,Noize MC,11/09/2020,83217,04/09/20 - 10/09/20,,1,107,83217,
107,108,Малолетка,Max Korzh,11/09/2020,81810,04/09/20 - 10/09/20,-6,3,102,-3,
108,109,27,FEDUK,11/09/2020,81369,04/09/20 - 10/09/20,-4,3,105,107,
109,110,Infinite Tsukuyomi,ROCKET,11/09/2020,81239,04/09/20 - 10/09/20,0,3,110,2461,
110,111,Нон стоп,Poshlaja Molli,11/09/2020,80988,04/09/20 - 10/09/20,7,3,110,5006,
111,112,Balenciaga,FILV,11/09/2020,79934,04/09/20 - 10/09/20,0,3,112,2489,
112,113,HIGHEST IN THE ROOM,Travis Scott,11/09/2020,79867,04/09/20 - 10/09/20,-16,3,97,-3297,
113,114,POPSTAR (feat. Drake),DJ Khaled,11/09/2020,79805,04/09/20 - 10/09/20,,1,114,79805,
114,115,Лето на ветер,GUF,11/09/2020,79799,04/09/20 - 10/09/20,,1,115,79799,
115,116,Hokage,Big BaTape,11/09/2020,79193,04/09/20 - 10/09/20,27,3,116,9397,
116,117,Таблетка,Dzharo & Khanza,11/09/2020,78830,04/09/20 - 10/09/20,19,3,117,7682,
117,118,Это любовь,Scriptonite,11/09/2020,78659,04/09/20 - 10/09/20,3,3,115,2848,
118,119,НЕ ЖАЛЬ,104,11/09/2020,78633,04/09/20 - 10/09/20,-5,3,114,1352,
119,120,X2 - Prod. Gredy,Boulevard Depo,11/09/2020,78617,04/09/20 - 10/09/20,5,3,120,3987,
120,121,Марабу,ATL,11/09/2020,78274,04/09/20 - 10/09/20,-8,3,113,924,
121,122,Мне пох,Klava Koka,11/09/2020,77660,04/09/20 - 10/09/20,-7,3,115,737,
122,123,Не по пути,PHARAOH,11/09/2020,77079,04/09/20 - 10/09/20,5,3,119,3986,
123,124,Fly 2,Zivert,11/09/2020,76983,04/09/20 - 10/09/20,-13,3,107,-1786,
124,125,Ты беспощадна,JONY,11/09/2020,76612,04/09/20 - 10/09/20,-3,3,95,826,
125,126,ODIUM,LXST CXNTURY,11/09/2020,76605,04/09/20 - 10/09/20,-2,3,124,1800,
126,127,Мишка (feat. KATERINA),Poshlaja Molli,11/09/2020,75944,04/09/20 - 10/09/20,3,3,121,2958,
127,128,August,Intelligency,11/09/2020,75812,04/09/20 - 10/09/20,-25,3,90,-5842,
128,129,Грустная Песня (feat. Егор Крид & MORGENSHTERN),THRILL PILL,11/09/2020,75719,04/09/20 - 10/09/20,-30,3,98,-6701,
129,130,"Lemonade (feat. Gunna, Don Toliver & NAV)",Internet Money,11/09/2020,75345,04/09/20 - 10/09/20,24,2,130,7601,
130,131,Toosie Slide,Drake,11/09/2020,75309,04/09/20 - 10/09/20,-30,3,77,-6714,
131,132,Пачка сигарет,LIZER,11/09/2020,75051,04/09/20 - 10/09/20,-3,3,129,2005,
132,133,Boom Boom,LOBODA,11/09/2020,74956,04/09/20 - 10/09/20,-16,3,117,-1265,
133,134,"WHATS POPPIN (feat. DaBaby, Tory Lanez & Lil Wayne) - Remix",Jack Harlow,11/09/2020,74795,04/09/20 - 10/09/20,-18,3,114,-1911,
134,135,Smile (with The Weeknd),Juice WRLD,11/09/2020,74626,04/09/20 - 10/09/20,-44,3,54,-13895,
135,136,Perfect World,ROCKET,11/09/2020,74579,04/09/20 - 10/09/20,-98,2,38,-51208,
136,137,Such a Whore (Stellular Remix),Jvla,11/09/2020,74250,04/09/20 - 10/09/20,-11,3,117,84,
137,138,SICKO MODE,Travis Scott,11/09/2020,74116,04/09/20 - 10/09/20,-18,3,116,-1758,
138,139,Евгений Онегин,kizaru,11/09/2020,73942,04/09/20 - 10/09/20,9,3,139,4971,
139,140,Surname (Prod. DJ Tape & Aarne),Big BaTape,11/09/2020,73772,04/09/20 - 10/09/20,15,3,140,6483,
140,141,СМУЗИ,The Limba,11/09/2020,73132,04/09/20 - 10/09/20,-9,3,132,1330,
141,142,СПАСАТЕЛЬНЫЙ КРУГ,FACE,11/09/2020,73091,04/09/20 - 10/09/20,-7,3,131,1680,
142,143,Phantom,Markul,11/09/2020,72868,04/09/20 - 10/09/20,-16,3,127,-1124,
143,144,МАЛЬЧИК,ФОГЕЛЬ,11/09/2020,72861,04/09/20 - 10/09/20,23,2,144,7314,
144,145,Было или нет?,ANIKV,11/09/2020,72218,04/09/20 - 10/09/20,-67,2,78,-20985,
145,146,THE SCOTTS,THE SCOTTS,11/09/2020,71963,04/09/20 - 10/09/20,-23,3,108,-3268,
146,147,ЯТЛ,Zivert,11/09/2020,71937,04/09/20 - 10/09/20,4,3,147,3371,
147,148,Air Force 1,lil krystalll,11/09/2020,71658,04/09/20 - 10/09/20,-10,3,138,1021,
148,149,OMG What's Happening,Ava Max,11/09/2020,70447,04/09/20 - 10/09/20,,1,149,70447,
149,150,Где нас нет,Oxxxymiron,11/09/2020,70331,04/09/20 - 10/09/20,-6,3,144,698,
150,151,Малиновый закат,Max Korzh,11/09/2020,69898,04/09/20 - 10/09/20,-18,3,127,-1734,
151,152,GOOBA,6ix9ine,11/09/2020,69871,04/09/20 - 10/09/20,,2,133,69871,
152,153,Комета,JONY,11/09/2020,69808,04/09/20 - 10/09/20,8,3,153,3471,
153,154,For The Night (feat. Lil Baby & DaBaby),Pop Smoke,11/09/2020,69724,04/09/20 - 10/09/20,36,2,154,7782,
154,155,Девочка танцуй,Artik & Asti,11/09/2020,69548,04/09/20 - 10/09/20,11,3,155,3723,
155,156,goosebumps,Travis Scott,11/09/2020,69457,04/09/20 - 10/09/20,-22,3,134,-2001,
156,157,KONSTRUKT,PORCHY,11/09/2020,68159,04/09/20 - 10/09/20,15,3,157,2891,
157,158,Минимум,Ямаджи,11/09/2020,68090,04/09/20 - 10/09/20,,1,158,68090,
158,159,что для тебя красота,maslo chernogo tmina,11/09/2020,68008,04/09/20 - 10/09/20,-14,3,145,-1622,
159,160,Полковнику никто не пишет,Bi-2,11/09/2020,67952,04/09/20 - 10/09/20,-21,3,139,-2612,
160,161,Say No Mo,kizaru,11/09/2020,67942,04/09/20 - 10/09/20,33,3,161,6365,
161,162,Pullin Up,Soda,11/09/2020,67410,04/09/20 - 10/09/20,,1,162,67410,
162,163,Ламбада,T-Fest,11/09/2020,67409,04/09/20 - 10/09/20,-16,3,144,-1606,
163,164,Fata Morgana,Markul,11/09/2020,67371,04/09/20 - 10/09/20,-12,3,152,-925,
164,165,Горы по колено,Max Korzh,11/09/2020,66931,04/09/20 - 10/09/20,-25,3,140,-3280,
165,166,"Бэнтли, Бенз и Бумер",Платина,11/09/2020,66828,04/09/20 - 10/09/20,-1,3,165,969,
166,167,Море,MAYOT,11/09/2020,66787,04/09/20 - 10/09/20,,1,167,66787,
167,168,Yung Hefner,MORGENSHTERN,11/09/2020,66781,04/09/20 - 10/09/20,-27,3,141,-3117,
168,169,Break My Heart,Dua Lipa,11/09/2020,66337,04/09/20 - 10/09/20,5,3,151,1268,
169,170,Девочка в классе,Dzhizus,11/09/2020,66173,04/09/20 - 10/09/20,13,3,158,3020,
170,171,Тёмно-оранжевый закат,Папин Олимпос,11/09/2020,66064,04/09/20 - 10/09/20,,1,171,66064,
171,172,3x3,Gruppa Skryptonite,11/09/2020,66023,04/09/20 - 10/09/20,-13,3,159,-420,
172,173,"The Plan - From the Motion Picture ""TENET""",Travis Scott,11/09/2020,65577,04/09/20 - 10/09/20,,1,173,65577,
173,174,Иуда,Husky,11/09/2020,64743,04/09/20 - 10/09/20,,1,174,64743,
174,175,Россия для грустных,Pornofilmy,11/09/2020,64511,04/09/20 - 10/09/20,9,3,175,1379,
175,176,Девочка с картинки,Egor Kreed,11/09/2020,64491,04/09/20 - 10/09/20,16,2,176,2746,
176,177,Худший друг,Markul,11/09/2020,64485,04/09/20 - 10/09/20,8,3,168,1656,
177,178,Двигаться,Raim,11/09/2020,64291,04/09/20 - 10/09/20,2,3,178,-23,
178,179,ON,BTS,11/09/2020,64050,04/09/20 - 10/09/20,-60,3,29,-11887,
179,180,А если это любовь?,HammAli & Navai,11/09/2020,64021,04/09/20 - 10/09/20,-7,3,173,-1140,
180,181,I Got Love,MiyaGi & Endspiel,11/09/2020,63893,04/09/20 - 10/09/20,-11,3,170,-1393,
181,182,Прыгну со скалы,Korol i Shut,11/09/2020,63855,04/09/20 - 10/09/20,,1,182,63855,
182,183,Money long,kizaru,11/09/2020,63819,04/09/20 - 10/09/20,13,3,153,2418,
183,184,Монетка,LSP,11/09/2020,63473,04/09/20 - 10/09/20,-13,3,147,-1813,
184,185,Я так соскучился,Pornofilmy,11/09/2020,63433,04/09/20 - 10/09/20,,2,185,63433,
185,186,Daechwita,Agust D,11/09/2020,63433,04/09/20 - 10/09/20,-49,3,79,-7357,
186,187,Come & Go (with Marshmello),Juice WRLD,11/09/2020,63366,04/09/20 - 10/09/20,-27,3,128,-2993,
187,188,Лилия (prod. by DooMee),MAYOT,11/09/2020,63331,04/09/20 - 10/09/20,,1,188,63331,
188,189,Blueberry Faygo,Lil Mosey,11/09/2020,63312,04/09/20 - 10/09/20,-20,3,145,-2126,
189,190,Не пускайте танцевать,Timran,11/09/2020,63256,04/09/20 - 10/09/20,,1,190,63256,
190,191,Хочу перемен,Kino,11/09/2020,63121,04/09/20 - 10/09/20,4,3,189,1626,
191,192,The Box,Roddy Ricch,11/09/2020,63096,04/09/20 - 10/09/20,-29,3,154,-3101,
192,193,Ахегао,MAYBE BABY,11/09/2020,63082,04/09/20 - 10/09/20,-40,3,130,-4925,
193,194,2 минуты,Markul,11/09/2020,63033,04/09/20 - 10/09/20,-1,3,152,1325,
194,195,Лютики,просто Лера,11/09/2020,62903,04/09/20 - 10/09/20,,1,195,62903,
195,196,Животные,Scriptonite,11/09/2020,62743,04/09/20 - 10/09/20,-17,3,179,-1724,
196,197,Мы открываем бизнес (Skit),SHOOVAL,11/09/2020,62726,04/09/20 - 10/09/20,-11,3,186,199,
197,198,God’s Menu,Stray Kids,11/09/2020,62628,04/09/20 - 10/09/20,-21,3,177,-1901,
198,199,Ау,10AGE,11/09/2020,62444,04/09/20 - 10/09/20,-10,2,189,399,
199,200,Остров,МЫ,11/09/2020,62429,04/09/20 - 10/09/20,-12,3,188,205,
